dam_code,dam_name,station_code,station_name,basin,latitude,longitude,observation_start_year,distance_km,rank_no,mapping_type,note
1003110,충주,1004690,충주시(향산리),한강,36.92500000,127.92444444,1985.0,10.40,1,DISTANCE_OFFICIAL,K-water 수위 관측소 코드 조회 API에서 내려온 공식 연결 후보
1003110,충주,1003655,제천시(청풍교),한강,37.00250000,128.18000000,1992.0,17.32,2,DISTANCE_OFFICIAL,K-water 수위 관측소 코드 조회 API에서 내려온 공식 연결 후보
1003110,충주,1002695,영월군(북쌍리),한강,37.19416667,128.40916667,1985.0,43.10,3,DISTANCE_OFFICIAL,K-water 수위 관측소 코드 조회 API에서 내려온 공식 연결 후보
1003110,충주,9000251,가대교,,,,,,101,OFFICIAL_API,K-water 수위 관측소 코드 조회 API에서 내려온 공식 연결 후보
1003110,충주,9000252,단양군(상진대교),,,,,,102,OFFICIAL_API,K-water 수위 관측소 코드 조회 API에서 내려온 공식 연결 후보
1003110,충주,1003630,단양군(오사리),한강,37.09861111,128.51083333,1985.0,,103,OFFICIAL_API,K-water 수위 관측소 코드 조회 API에서 내려온 공식 연결 후보
1003110,충주,9000253,단양군(우화교),,,,,,104,OFFICIAL_API,K-water 수위 관측소 코드 조회 API에서 내려온 공식 연결 후보
1003110,충주,9000182,무사교,,,,,,105,OFFICIAL_API,K-water 수위 관측소 코드 조회 API에서 내려온 공식 연결 후보
1003110,충주,1001675,영월2,,,,,,106,OFFICIAL_API,K-water 수위 관측소 코드 조회 API에서 내려온 공식 연결 후보
1003110,충주,1003626,영월군(삼옥교),,,,,,108,OFFICIAL_API,K-water 수위 관측소 코드 조회 API에서 내려온 공식 연결 후보
1003110,충주,1002655,영월군(판운교),한강,37.29666667,128.34388889,1992.0,,109,OFFICIAL_API,K-water 수위 관측소 코드 조회 API에서 내려온 공식 연결 후보
1003110,충주,8000081,우안(충주댐),,,,,,110,OFFICIAL_API,K-water 수위 관측소 코드 조회 API에서 내려온 공식 연결 후보
1003110,충주,8000080,월악,,,,,,111,OFFICIAL_API,K-water 수위 관측소 코드 조회 API에서 내려온 공식 연결 후보
1003110,충주,8000119,충주보조수위,,,,,,113,OFFICIAL_API,K-water 수위 관측소 코드 조회 API에서 내려온 공식 연결 후보
1003110,충주,9000181,충주시(명서교),,,,,,114,OFFICIAL_API,K-water 수위 관측소 코드 조회 API에서 내려온 공식 연결 후보
1003110,충주,1003690,충주시(충주댐),,,,,,115,OFFICIAL_API,K-water 수위 관측소 코드 조회 API에서 내려온 공식 연결 후보
1003110,충주,1003696,충주시(충주댐방수로),,,,,,116,OFFICIAL_API,K-water 수위 관측소 코드 조회 API에서 내려온 공식 연결 후보
1003110,충주,9000273,충주시(팔봉교),,,,,,117,OFFICIAL_API,K-water 수위 관측소 코드 조회 API에서 내려온 공식 연결 후보
1006110,횡성,1006610,횡성군(율동리),한강,37.55777778,128.10694444,1999.0,5.40,1,DISTANCE_OFFICIAL,K-water 수위 관측소 코드 조회 API에서 내려온 공식 연결 후보
1006110,횡성,1002655,영월군(판운교),한강,37.29666667,128.34388889,1992.0,37.49,2,DISTANCE_CANDIDATE,거리 기반 후보입니다. 공식 하류 대표 관측소 여부는 추가 확인 필요
1006110,횡성,1002695,영월군(북쌍리),한강,37.19416667,128.40916667,1985.0,49.86,3,DISTANCE_CANDIDATE,거리 기반 후보입니다. 공식 하류 대표 관측소 여부는 추가 확인 필요
1006110,횡성,9000250,섬강교,,,,,,101,OFFICIAL_API,K-water 수위 관측소 코드 조회 API에서 내려온 공식 연결 후보
1006110,횡성,9900010,횡성 수위감지,,,,,,102,OFFICIAL_API,K-water 수위 관측소 코드 조회 API에서 내려온 공식 연결 후보
1006110,횡성,8000093,횡성교,,,,,,103,OFFICIAL_API,K-water 수위 관측소 코드 조회 API에서 내려온 공식 연결 후보
1006110,횡성,1006620,횡성군(횡성댐),,,,,,105,OFFICIAL_API,K-water 수위 관측소 코드 조회 API에서 내려온 공식 연결 후보
1012110,소양강,1010680,화천군(화천대교),한강,38.10055556,127.70833333,2002.0,19.66,1,DISTANCE_CANDIDATE,거리 기반 후보입니다. 공식 하류 대표 관측소 여부는 추가 확인 필요
1012110,소양강,1009652,화천군(평화나래교),한강,38.20777778,127.85138889,2010.0,29.39,2,DISTANCE_CANDIDATE,거리 기반 후보입니다. 공식 하류 대표 관측소 여부는 추가 확인 필요
1012110,소양강,1009650,화천군(평화의댐),한강,38.21111111,127.84500000,1998.0,29.71,3,DISTANCE_CANDIDATE,거리 기반 후보입니다. 공식 하류 대표 관측소 여부는 추가 확인 필요
1012110,소양강,1010640,양구군(각시교),한강,38.31888889,128.55000000,1998.0,,101,OFFICIAL_API,K-water 수위 관측소 코드 조회 API에서 내려온 공식 연결 후보
1012110,소양강,9000272,인제군(도리촌교),,,,,,102,OFFICIAL_API,K-water 수위 관측소 코드 조회 API에서 내려온 공식 연결 후보
1012110,소양강,1012670,인제군(양구대교),한강,38.65666667,128.10111111,1992.0,,103,OFFICIAL_API,K-water 수위 관측소 코드 조회 API에서 내려온 공식 연결 후보
1012110,소양강,1011650,인제군(어두원교),한강,38.23166667,128.39333333,2000.0,,104,OFFICIAL_API,K-water 수위 관측소 코드 조회 API에서 내려온 공식 연결 후보
1012110,소양강,1012650,인제군(원대교),한강,38.02250000,128.40194444,2002.0,,105,OFFICIAL_API,K-water 수위 관측소 코드 조회 API에서 내려온 공식 연결 후보
1012110,소양강,1011690,인제군(월학리),한강,38.21611111,128.32333333,1972.0,,106,OFFICIAL_API,K-water 수위 관측소 코드 조회 API에서 내려온 공식 연결 후보
1012110,소양강,1012702,춘천시(소양6교),,,,,,107,OFFICIAL_API,K-water 수위 관측소 코드 조회 API에서 내려온 공식 연결 후보
1012110,소양강,1012110,춘천시(소양강댐),,,,,,108,OFFICIAL_API,K-water 수위 관측소 코드 조회 API에서 내려온 공식 연결 후보
1012110,소양강,1011692,춘천시(소양강댐방수로),,,,,,109,OFFICIAL_API,K-water 수위 관측소 코드 조회 API에서 내려온 공식 연결 후보
2001110,안동,2001685,안동시(안동댐),낙동강,36.56888889,128.77500000,1978.0,1.74,1,DISTANCE_CANDIDATE,거리 기반 후보입니다. 공식 하류 대표 관측소 여부는 추가 확인 필요
2001110,안동,2002692,안동시(포진교),낙동강,36.53666667,128.79583333,1987.0,5.75,2,DISTANCE_CANDIDATE,거리 기반 후보입니다. 공식 하류 대표 관측소 여부는 추가 확인 필요
2001110,안동,2003610,안동시(안동대교),낙동강,36.55027778,128.69972222,1995.0,7.31,3,DISTANCE_OFFICIAL,K-water 수위 관측소 코드 조회 API에서 내려온 공식 연결 후보
2001110,안동,9000255,고현,,,,,,101,OFFICIAL_API,K-water 수위 관측소 코드 조회 API에서 내려온 공식 연결 후보
2001110,안동,2001660,도산,,,,,,102,OFFICIAL_API,K-water 수위 관측소 코드 조회 API에서 내려온 공식 연결 후보
2001110,안동,9000194,무계,,,,,,103,OFFICIAL_API,K-water 수위 관측소 코드 조회 API에서 내려온 공식 연결 후보
2001110,안동,9000193,보현,,,,,,104,OFFICIAL_API,K-water 수위 관측소 코드 조회 API에서 내려온 공식 연결 후보
2001110,안동,2001667,봉화군(양삼교),,,,,,105,OFFICIAL_API,K-water 수위 관측소 코드 조회 API에서 내려온 공식 연결 후보
2001110,안동,2001630,봉화군(임기리),낙동강,36.86666667,129.00111111,1978.0,,106,OFFICIAL_API,K-water 수위 관측소 코드 조회 API에서 내려온 공식 연결 후보
2001110,안동,9000196,상주시(상우교),,,,,,107,OFFICIAL_API,K-water 수위 관측소 코드 조회 API에서 내려온 공식 연결 후보
2001110,안동,9900009,안동 수위감지,,,,,,108,OFFICIAL_API,K-water 수위 관측소 코드 조회 API에서 내려온 공식 연결 후보
2001110,안동,8000112,안동댐보조수위,,,,,,109,OFFICIAL_API,K-water 수위 관측소 코드 조회 API에서 내려온 공식 연결 후보
2001110,안동,2001110,안동시(안동댐),,,,,,111,OFFICIAL_API,K-water 수위 관측소 코드 조회 API에서 내려온 공식 연결 후보
2001110,안동,2001692,안동시(안동댐방수로),,,,,,112,OFFICIAL_API,K-water 수위 관측소 코드 조회 API에서 내려온 공식 연결 후보
2001110,안동,9000195,포항시(상사4교),,,,,,113,OFFICIAL_API,K-water 수위 관측소 코드 조회 API에서 내려온 공식 연결 후보
2002110,임하,2002686,안동시(신덕교),낙동강,36.51944444,128.83777778,2011.0,4.41,1,DISTANCE_OFFICIAL,K-water 수위 관측소 코드 조회 API에서 내려온 공식 연결 후보
2002110,임하,2002692,안동시(포진교),낙동강,36.53666667,128.79583333,1987.0,7.53,2,DISTANCE_OFFICIAL,K-water 수위 관측소 코드 조회 API에서 내려온 공식 연결 후보
2002110,임하,2001685,안동시(안동댐),낙동강,36.56888889,128.77500000,1978.0,9.91,3,DISTANCE_CANDIDATE,거리 기반 후보입니다. 공식 하류 대표 관측소 여부는 추가 확인 필요
2002110,임하,2005650,문경시(불정동),낙동강,36.63388889,128.14888889,1996.0,,101,OFFICIAL_API,K-water 수위 관측소 코드 조회 API에서 내려온 공식 연결 후보
2002110,임하,2003630,안동시(검암교),,,,,,102,OFFICIAL_API,K-water 수위 관측소 코드 조회 API에서 내려온 공식 연결 후보
2002110,임하,2002670,안동시(임하댐),,,,,,104,OFFICIAL_API,K-water 수위 관측소 코드 조회 API에서 내려온 공식 연결 후보
2002110,임하,2002675,안동시(임하댐방수로),,,,,,105,OFFICIAL_API,K-water 수위 관측소 코드 조회 API에서 내려온 공식 연결 후보
2002110,임하,2402620,영덕군(대지리),낙동강동해,36.39333333,129.30750000,1996.0,,107,OFFICIAL_API,K-water 수위 관측소 코드 조회 API에서 내려온 공식 연결 후보
2002110,임하,2002620,영양군(양평교),낙동강,36.65027778,129.10805556,1987.0,,108,OFFICIAL_API,K-water 수위 관측소 코드 조회 API에서 내려온 공식 연결 후보
2002110,임하,2002645,영양군(임천교),낙동강,36.53166667,129.04444444,2004.0,,109,OFFICIAL_API,K-water 수위 관측소 코드 조회 API에서 내려온 공식 연결 후보
2002110,임하,2002640,영양군(흥구리),,,,,,110,OFFICIAL_API,K-water 수위 관측소 코드 조회 API에서 내려온 공식 연결 후보
2002110,임하,2401620,울진군(구산리),낙동강동해,36.95194444,129.37361111,1996.0,,111,OFFICIAL_API,K-water 수위 관측소 코드 조회 API에서 내려온 공식 연결 후보
2002110,임하,8000098,임하댐하류수위,,,,,,112,OFFICIAL_API,K-water 수위 관측소 코드 조회 API에서 내려온 공식 연결 후보
2002110,임하,2002630,청송군(광덕교),낙동강,36.64638889,129.02611111,2004.0,,113,OFFICIAL_API,K-water 수위 관측소 코드 조회 API에서 내려온 공식 연결 후보
2002110,임하,2002650,청송군(덕천교),,,,,,114,OFFICIAL_API,K-water 수위 관측소 코드 조회 API에서 내려온 공식 연결 후보
2002110,임하,2002660,청송군(송강2교),,,,,,115,OFFICIAL_API,K-water 수위 관측소 코드 조회 API에서 내려온 공식 연결 후보
2002111,성덕,2002613,포항시(상사4교),낙동강,36.25083333,129.08861111,2005.0,9.64,1,DISTANCE_CANDIDATE,거리 기반 후보입니다. 공식 하류 대표 관측소 여부는 추가 확인 필요
2002111,성덕,2002655,청송군(덕천교),낙동강,36.42833333,129.04388889,1987.0,14.80,2,DISTANCE_CANDIDATE,거리 기반 후보입니다. 공식 하류 대표 관측소 여부는 추가 확인 필요
2002111,성덕,2012605,포항시(논골교),낙동강,36.13361111,129.08000000,2010.0,19.84,3,DISTANCE_CANDIDATE,거리 기반 후보입니다. 공식 하류 대표 관측소 여부는 추가 확인 필요
2004101,영주,2001658,봉화군(양삼교),낙동강,36.76750000,128.88555556,2009.0,18.66,1,DISTANCE_CANDIDATE,거리 기반 후보입니다. 공식 하류 대표 관측소 여부는 추가 확인 필요
2004101,영주,2001685,안동시(안동댐),낙동강,36.56888889,128.77500000,1978.0,27.06,2,DISTANCE_CANDIDATE,거리 기반 후보입니다. 공식 하류 대표 관측소 여부는 추가 확인 필요
2004101,영주,2003610,안동시(안동대교),낙동강,36.55027778,128.69972222,1995.0,27.82,3,DISTANCE_CANDIDATE,거리 기반 후보입니다. 공식 하류 대표 관측소 여부는 추가 확인 필요
2008101,군위,2008621,군위군(화수교),낙동강,36.12638889,128.75416667,2010.0,9.38,1,DISTANCE_CANDIDATE,거리 기반 후보입니다. 공식 하류 대표 관측소 여부는 추가 확인 필요
2008101,군위,2008605,군위군(동곡교),낙동강,36.16138889,128.82305556,2010.0,16.21,2,DISTANCE_CANDIDATE,거리 기반 후보입니다. 공식 하류 대표 관측소 여부는 추가 확인 필요
2008101,군위,2012605,포항시(논골교),낙동강,36.13361111,129.08000000,2010.0,38.65,3,DISTANCE_CANDIDATE,거리 기반 후보입니다. 공식 하류 대표 관측소 여부는 추가 확인 필요
2008101,군위,2008615,군위군(동곡교),,,,,,101,OFFICIAL_API,K-water 수위 관측소 코드 조회 API에서 내려온 공식 연결 후보
2008101,군위,2008620,군위군(화수교),,,,,,102,OFFICIAL_API,K-water 수위 관측소 코드 조회 API에서 내려온 공식 연결 후보
2012101,보현산,2008605,군위군(동곡교),낙동강,36.16138889,128.82305556,2010.0,9.89,1,DISTANCE_CANDIDATE,거리 기반 후보입니다. 공식 하류 대표 관측소 여부는 추가 확인 필요
2012101,보현산,2012605,포항시(논골교),낙동강,36.13361111,129.08000000,2010.0,13.49,2,DISTANCE_CANDIDATE,거리 기반 후보입니다. 공식 하류 대표 관측소 여부는 추가 확인 필요
2012101,보현산,2008621,군위군(화수교),낙동강,36.12638889,128.75416667,2010.0,15.86,3,DISTANCE_CANDIDATE,거리 기반 후보입니다. 공식 하류 대표 관측소 여부는 추가 확인 필요
2015110,합천,2015680,합천군(합천댐),낙동강,35.56722222,128.04305556,1987.0,4.30,1,DISTANCE_CANDIDATE,거리 기반 후보입니다. 공식 하류 대표 관측소 여부는 추가 확인 필요
2015110,합천,2016650,합천군(남정교),낙동강,35.55194444,128.16138889,1987.0,12.14,2,DISTANCE_CANDIDATE,거리 기반 후보입니다. 공식 하류 대표 관측소 여부는 추가 확인 필요
2015110,합천,2015655,거창군(지산교),낙동강,35.65222222,128.01444444,1992.0,13.66,3,DISTANCE_CANDIDATE,거리 기반 후보입니다. 공식 하류 대표 관측소 여부는 추가 확인 필요
2015110,합천,2015638,거창군(거열교),,,,,,101,OFFICIAL_API,K-water 수위 관측소 코드 조회 API에서 내려온 공식 연결 후보
2015110,합천,2015620,거창군(의동교),낙동강,35.70083333,127.92527778,1987.0,,102,OFFICIAL_API,K-water 수위 관측소 코드 조회 API에서 내려온 공식 연결 후보
2015110,합천,2015650,거창군(지산교),,,,,,103,OFFICIAL_API,K-water 수위 관측소 코드 조회 API에서 내려온 공식 연결 후보
2015110,합천,9900008,합천 수위감지,,,,,,104,OFFICIAL_API,K-water 수위 관측소 코드 조회 API에서 내려온 공식 연결 후보
2015110,합천,2016680,합천군(남정교),,,,,,105,OFFICIAL_API,K-water 수위 관측소 코드 조회 API에서 내려온 공식 연결 후보
2015110,합천,2016620,합천군(합천댐방수로),,,,,,106,OFFICIAL_API,K-water 수위 관측소 코드 조회 API에서 내려온 공식 연결 후보
2015110,합천,2015670,합천댐,,,,,,107,OFFICIAL_API,K-water 수위 관측소 코드 조회 API에서 내려온 공식 연결 후보
2018110,남강,2018695,진주시(판문동),낙동강,35.16888889,128.03027778,1994.0,1.33,1,DISTANCE_OFFICIAL,K-water 수위 관측소 코드 조회 API에서 내려온 공식 연결 후보
2018110,남강,2018690,진주시(내평리),낙동강,35.15083333,128.02138889,1994.0,1.98,2,DISTANCE_OFFICIAL,K-water 수위 관측소 코드 조회 API에서 내려온 공식 연결 후보
2018110,남강,2019615,진주시(장대동),낙동강,35.19055556,128.08666667,1987.0,5.43,3,DISTANCE_OFFICIAL,K-water 수위 관측소 코드 조회 API에서 내려온 공식 연결 후보
2018110,남강,2020698,남강댐,,,,,,101,OFFICIAL_API,K-water 수위 관측소 코드 조회 API에서 내려온 공식 연결 후보
2018110,남강,2018687,사천시(검정리),,,,,,102,OFFICIAL_API,K-water 수위 관측소 코드 조회 API에서 내려온 공식 연결 후보
2018110,남강,2018645,산청군(경호교),낙동강,35.41805556,127.87444444,1976.0,,103,OFFICIAL_API,K-water 수위 관측소 코드 조회 API에서 내려온 공식 연결 후보
2018110,남강,2018646,산청군(수산교),,,,,,104,OFFICIAL_API,K-water 수위 관측소 코드 조회 API에서 내려온 공식 연결 후보
2018110,남강,8000019,산청군(창촌리),,,,,,105,OFFICIAL_API,K-water 수위 관측소 코드 조회 API에서 내려온 공식 연결 후보
2018110,남강,2018650,산청군(하정리),낙동강,35.33750000,127.94000000,2013.0,,106,OFFICIAL_API,K-water 수위 관측소 코드 조회 API에서 내려온 공식 연결 후보
2018110,남강,8000018,진주시(남강댐방수로),,,,,,107,OFFICIAL_API,K-water 수위 관측소 코드 조회 API에서 내려온 공식 연결 후보
2018110,남강,2018685,하동군(대곡리),낙동강,35.16750000,127.92027778,1994.0,,111,OFFICIAL_API,K-water 수위 관측소 코드 조회 API에서 내려온 공식 연결 후보
2018110,남강,2018608,함양군(금천리),낙동강,35.61666667,127.81555556,1994.0,,112,OFFICIAL_API,K-water 수위 관측소 코드 조회 API에서 내려온 공식 연결 후보
2018110,남강,2018620,함양군(용평리),낙동강,35.50250000,127.73138889,1994.0,,113,OFFICIAL_API,K-water 수위 관측소 코드 조회 API에서 내려온 공식 연결 후보
2018110,남강,2018630,함양군(의탄리),낙동강,35.40194444,127.68277778,1987.0,,114,OFFICIAL_API,K-water 수위 관측소 코드 조회 API에서 내려온 공식 연결 후보
2018110,남강,2018640,함양군(화촌리),,,,,,115,OFFICIAL_API,K-water 수위 관측소 코드 조회 API에서 내려온 공식 연결 후보
2018110,남강,2018647,합천군(소오리),,,,,,116,OFFICIAL_API,K-water 수위 관측소 코드 조회 API에서 내려온 공식 연결 후보
2021110,밀양,2022696,낙동강하굿둑증설갑문(상),낙동강,35.10805556,128.95055556,1988.0,2.78,1,DISTANCE_CANDIDATE,거리 기반 후보입니다. 공식 하류 대표 관측소 여부는 추가 확인 필요
2021110,밀양,2021650,양산시(대리),낙동강,35.47666667,128.98305556,2000.0,5.46,2,DISTANCE_CANDIDATE,거리 기반 후보입니다. 공식 하류 대표 관측소 여부는 추가 확인 필요
2021110,밀양,2201613,울산시(대암교),태화강,35.54972222,129.18333333,2008.0,23.58,3,DISTANCE_CANDIDATE,거리 기반 후보입니다. 공식 하류 대표 관측소 여부는 추가 확인 필요
2021110,밀양,9900007,밀양 수위감지,,,,,,101,OFFICIAL_API,K-water 수위 관측소 코드 조회 API에서 내려온 공식 연결 후보
2021110,밀양,2021630,밀양시(밀양댐),,,,,,102,OFFICIAL_API,K-water 수위 관측소 코드 조회 API에서 내려온 공식 연결 후보
2021110,밀양,2021620,양산시(대리),,,,,,103,OFFICIAL_API,K-water 수위 관측소 코드 조회 API에서 내려온 공식 연결 후보
3001110,용담,3002630,진안군(신용담교),금강,35.95138889,127.52777778,2001.0,1.28,1,DISTANCE_CANDIDATE,거리 기반 후보입니다. 공식 하류 대표 관측소 여부는 추가 확인 필요
3001110,용담,3004620,금산군(적벽교),금강,36.04888889,127.59333333,1992.0,13.38,2,DISTANCE_CANDIDATE,거리 기반 후보입니다. 공식 하류 대표 관측소 여부는 추가 확인 필요
3001110,용담,3001640,진안군(성산리),금강,35.81916667,127.54416667,1999.0,13.50,3,DISTANCE_OFFICIAL,K-water 수위 관측소 코드 조회 API에서 내려온 공식 연결 후보
3001110,용담,8000120,대야교,,,,,,101,OFFICIAL_API,K-water 수위 관측소 코드 조회 API에서 내려온 공식 연결 후보
3001110,용담,3001661,동정교,,,,,,102,OFFICIAL_API,K-water 수위 관측소 코드 조회 API에서 내려온 공식 연결 후보
3001110,용담,8000121,섬티교,,,,,,103,OFFICIAL_API,K-water 수위 관측소 코드 조회 API에서 내려온 공식 연결 후보
3001110,용담,3001620,장수군(연화교),금강,35.78583333,127.52722222,1999.0,,104,OFFICIAL_API,K-water 수위 관측소 코드 조회 API에서 내려온 공식 연결 후보
3001110,용담,3001664,주고교,,,,,,105,OFFICIAL_API,K-water 수위 관측소 코드 조회 API에서 내려온 공식 연결 후보
3001110,용담,3001663,진안군(석정교),,,,,,106,OFFICIAL_API,K-water 수위 관측소 코드 조회 API에서 내려온 공식 연결 후보
3001110,용담,3001662,진안군(송대교),,,,,,108,OFFICIAL_API,K-water 수위 관측소 코드 조회 API에서 내려온 공식 연결 후보
3001110,용담,3002650,진안군(신용담교),,,,,,109,OFFICIAL_API,K-water 수위 관측소 코드 조회 API에서 내려온 공식 연결 후보
3001110,용담,3001660,진안군(용담댐),,,,,,110,OFFICIAL_API,K-water 수위 관측소 코드 조회 API에서 내려온 공식 연결 후보
3001110,용담,3002660,진안군(용담댐방수로),,,,,,111,OFFICIAL_API,K-water 수위 관측소 코드 조회 API에서 내려온 공식 연결 후보
3001110,용담,3001665,진안군(주천교),,,,,,112,OFFICIAL_API,K-water 수위 관측소 코드 조회 API에서 내려온 공식 연결 후보
3001110,용담,9000274,진안군(하향교),,,,,,113,OFFICIAL_API,K-water 수위 관측소 코드 조회 API에서 내려온 공식 연결 후보
3008110,대청,3008690,대청댐방수로,금강,36.47583333,127.48388889,1979.0,0.39,1,DISTANCE_OFFICIAL,K-water 수위 관측소 코드 조회 API에서 내려온 공식 연결 후보
3008110,대청,3007670,옥천군(산계리),금강,36.31083333,127.73722222,1979.0,29.56,2,DISTANCE_OFFICIAL,K-water 수위 관측소 코드 조회 API에서 내려온 공식 연결 후보
3008110,대청,3006680,옥천군(이원대교),금강,36.23750000,127.67138889,1979.0,31.72,3,DISTANCE_OFFICIAL,K-water 수위 관측소 코드 조회 API에서 내려온 공식 연결 후보
3008110,대청,3012630,공주시(평소리),금강,36.50222222,126.98666667,1996.0,,101,OFFICIAL_API,K-water 수위 관측소 코드 조회 API에서 내려온 공식 연결 후보
3008110,대청,3004620,금산군(적벽교),금강,36.04888889,127.59333333,1992.0,,102,OFFICIAL_API,K-water 수위 관측소 코드 조회 API에서 내려온 공식 연결 후보
3008110,대청,9000241,나성간이,,,,,,103,OFFICIAL_API,K-water 수위 관측소 코드 조회 API에서 내려온 공식 연결 후보
3008110,대청,9000242,두평,,,,,,105,OFFICIAL_API,K-water 수위 관측소 코드 조회 API에서 내려온 공식 연결 후보
3008110,대청,3005680,영동군(율리),금강,36.22694444,127.80722222,1992.0,,106,OFFICIAL_API,K-water 수위 관측소 코드 조회 API에서 내려온 공식 연결 후보
3008110,대청,3004650,영동군(호탄리),금강,36.12888889,127.65222222,1987.0,,107,OFFICIAL_API,K-water 수위 관측소 코드 조회 API에서 내려온 공식 연결 후보
3008110,대청,3008110,청주시(대청댐),,,,,,110,OFFICIAL_API,K-water 수위 관측소 코드 조회 API에서 내려온 공식 연결 후보
3008110,대청,8000094,청주시(대청댐보조수위),,,,,,111,OFFICIAL_API,K-water 수위 관측소 코드 조회 API에서 내려온 공식 연결 후보
3203110,보령,3203640,보령시(보령댐),금강서해,36.23583333,126.64861111,1996.0,13.81,1,DISTANCE_CANDIDATE,거리 기반 후보입니다. 공식 하류 대표 관측소 여부는 추가 확인 필요
3203110,보령,3203645,보령시(보령댐방수로),금강서해,36.23555556,126.64555556,1998.0,13.84,2,DISTANCE_CANDIDATE,거리 기반 후보입니다. 공식 하류 대표 관측소 여부는 추가 확인 필요
3203110,보령,3012630,공주시(평소리),금강,36.50222222,126.98666667,1996.0,34.02,3,DISTANCE_CANDIDATE,거리 기반 후보입니다. 공식 하류 대표 관측소 여부는 추가 확인 필요
3203110,보령,8000084,대창교,,,,,,101,OFFICIAL_API,K-water 수위 관측소 코드 조회 API에서 내려온 공식 연결 후보
3203110,보령,9900004,보령 수위감지,,,,,,102,OFFICIAL_API,K-water 수위 관측소 코드 조회 API에서 내려온 공식 연결 후보
3203110,보령,3203110,보령시(보령댐),,,,,,103,OFFICIAL_API,K-water 수위 관측소 코드 조회 API에서 내려온 공식 연결 후보
3203110,보령,8000083,보령시(보령댐방수로),,,,,,104,OFFICIAL_API,K-water 수위 관측소 코드 조회 API에서 내려온 공식 연결 후보
3203110,보령,9000258,부사방조제 내수위,,,,,,105,OFFICIAL_API,K-water 수위 관측소 코드 조회 API에서 내려온 공식 연결 후보
3203110,보령,9000259,부사방조제 외수위,,,,,,106,OFFICIAL_API,K-water 수위 관측소 코드 조회 API에서 내려온 공식 연결 후보
3203110,보령,3203638,웅천(보령댐),,,,,,107,OFFICIAL_API,K-water 수위 관측소 코드 조회 API에서 내려온 공식 연결 후보
3303110,부안,4001660,순창군(운암교),섬진강,35.50388889,127.01388889,2009.0,41.19,1,DISTANCE_CANDIDATE,거리 기반 후보입니다. 공식 하류 대표 관측소 여부는 추가 확인 필요
3303110,부안,3302617,정읍시(종산리),만경 · 동진,35.59222222,127.09527778,1994.0,44.30,2,DISTANCE_CANDIDATE,거리 기반 후보입니다. 공식 하류 대표 관측소 여부는 추가 확인 필요
3303110,부안,4002605,임실군(섬진강댐),섬진강,35.53944444,127.11361111,1990.0,47.66,3,DISTANCE_CANDIDATE,거리 기반 후보입니다. 공식 하류 대표 관측소 여부는 추가 확인 필요
3303110,부안,9900003,부안 수위감지,,,,,,101,OFFICIAL_API,K-water 수위 관측소 코드 조회 API에서 내려온 공식 연결 후보
3303110,부안,8000024,부안군(부안댐),,,,,,102,OFFICIAL_API,K-water 수위 관측소 코드 조회 API에서 내려온 공식 연결 후보
4001110,섬진강,4002605,임실군(섬진강댐),섬진강,35.53944444,127.11361111,1990.0,2.39,1,DISTANCE_CANDIDATE,거리 기반 후보입니다. 공식 하류 대표 관측소 여부는 추가 확인 필요
4001110,섬진강,4002610,임실군(회문리),섬진강,35.51833333,127.13972222,1990.0,2.41,2,DISTANCE_OFFICIAL,K-water 수위 관측소 코드 조회 API에서 내려온 공식 연결 후보
4001110,섬진강,3302617,정읍시(종산리),만경 · 동진,35.59222222,127.09527778,1994.0,7.08,3,DISTANCE_CANDIDATE,거리 기반 후보입니다. 공식 하류 대표 관측소 여부는 추가 확인 필요
4001110,섬진강,8000122,덕치,,,,,,101,OFFICIAL_API,K-water 수위 관측소 코드 조회 API에서 내려온 공식 연결 후보
4001110,섬진강,8000097,섬진강댐보조수위,,,,,,102,OFFICIAL_API,K-water 수위 관측소 코드 조회 API에서 내려온 공식 연결 후보
4001110,섬진강,4001664,순창군(운암교),,,,,,103,OFFICIAL_API,K-water 수위 관측소 코드 조회 API에서 내려온 공식 연결 후보
4001110,섬진강,4001660,쌍치,섬진강,35.50388889,127.01388889,2009.0,,104,OFFICIAL_API,K-water 수위 관측소 코드 조회 API에서 내려온 공식 연결 후보
4001110,섬진강,4002695,임실군(섬진강댐),,,,,,105,OFFICIAL_API,K-water 수위 관측소 코드 조회 API에서 내려온 공식 연결 후보
4001110,섬진강,4001620,임실군(호암교),섬진강,35.66805556,127.24277778,2004.0,,106,OFFICIAL_API,K-water 수위 관측소 코드 조회 API에서 내려온 공식 연결 후보
4001110,섬진강,8000085,정읍시(종산리),,,,,,108,OFFICIAL_API,K-water 수위 관측소 코드 조회 API에서 내려온 공식 연결 후보
4001110,섬진강,3302680,칠보,,,,,,109,OFFICIAL_API,K-water 수위 관측소 코드 조회 API에서 내려온 공식 연결 후보
4007110,주암(본),4008655,곡성군(목사동2교),섬진강,35.12666667,127.25888889,2008.0,6.53,1,DISTANCE_CANDIDATE,거리 기반 후보입니다. 공식 하류 대표 관측소 여부는 추가 확인 필요
4007110,주암(본),4007670,순천시(주암댐),섬진강,35.02388889,127.11555556,1996.0,12.43,2,DISTANCE_OFFICIAL,K-water 수위 관측소 코드 조회 API에서 내려온 공식 연결 후보
4007110,주암(본),4007660,화순군(동복댐),섬진강,35.08250000,127.10250000,1991.0,12.59,3,DISTANCE_OFFICIAL,K-water 수위 관측소 코드 조회 API에서 내려온 공식 연결 후보
4007110,주암(본),4008694,곡성군(목사동2교),,,,,,101,OFFICIAL_API,K-water 수위 관측소 코드 조회 API에서 내려온 공식 연결 후보
4007110,주암(본),4007630,보성군(가장교),섬진강,34.82805556,127.14972222,1991.0,,102,OFFICIAL_API,K-water 수위 관측소 코드 조회 API에서 내려온 공식 연결 후보
4007110,주암(본),3301650,보성군(보성강댐),,,,,,103,OFFICIAL_API,K-water 수위 관측소 코드 조회 API에서 내려온 공식 연결 후보
4007110,주암(본),4008650,순천시(광천교),섬진강,35.13305556,127.40638889,1991.0,,104,OFFICIAL_API,K-water 수위 관측소 코드 조회 API에서 내려온 공식 연결 후보
4007110,주암(본),4104620,순천시(주암조절지조정지댐),섬진강남해,34.94416667,127.47500000,1991.0,,106,OFFICIAL_API,K-water 수위 관측소 코드 조회 API에서 내려온 공식 연결 후보
4007110,주암(본),4007650,장전,,,,,,107,OFFICIAL_API,K-water 수위 관측소 코드 조회 API에서 내려온 공식 연결 후보
4007110,주암(본),9900005,주암 수위감지,,,,,,108,OFFICIAL_API,K-water 수위 관측소 코드 조회 API에서 내려온 공식 연결 후보
4007110,주암(본),8000096,주암댐보조수위,,,,,,109,OFFICIAL_API,K-water 수위 관측소 코드 조회 API에서 내려온 공식 연결 후보
4007110,주암(본),4007655,화순군(용리교),,,,,,111,OFFICIAL_API,K-water 수위 관측소 코드 조회 API에서 내려온 공식 연결 후보
4104610,주암(조),4008655,곡성군(목사동2교),섬진강,35.12666667,127.25888889,2008.0,8.75,1,DISTANCE_CANDIDATE,거리 기반 후보입니다. 공식 하류 대표 관측소 여부는 추가 확인 필요
4104610,주암(조),4104603,순천시(송전교),섬진강남해,35.00166667,127.38361111,2005.0,9.33,2,DISTANCE_CANDIDATE,거리 기반 후보입니다. 공식 하류 대표 관측소 여부는 추가 확인 필요
4104610,주암(조),4008650,순천시(광천교),섬진강,35.13305556,127.40638889,1991.0,11.95,3,DISTANCE_CANDIDATE,거리 기반 후보입니다. 공식 하류 대표 관측소 여부는 추가 확인 필요
4104610,주암(조),4104612,순천시(노동교),,,,,,101,OFFICIAL_API,K-water 수위 관측소 코드 조회 API에서 내려온 공식 연결 후보
4104610,주암(조),9000183,순천시(송전교),,,,,,102,OFFICIAL_API,K-water 수위 관측소 코드 조회 API에서 내려온 공식 연결 후보
4104610,주암(조),4104610,순천시(주암조절지댐),섬진강남해,34.95083333,127.38083333,2008.0,,103,OFFICIAL_API,K-water 수위 관측소 코드 조회 API에서 내려온 공식 연결 후보
4104610,주암(조),4104615,순천시(주암조절지방수로),,,,,,104,OFFICIAL_API,K-water 수위 관측소 코드 조회 API에서 내려온 공식 연결 후보
4104610,주암(조),9900006,주암조절지 수위감지,,,,,,105,OFFICIAL_API,K-water 수위 관측소 코드 조회 API에서 내려온 공식 연결 후보
4104610,주암(조),8000020,주암조절지댐방수로,,,,,,106,OFFICIAL_API,K-water 수위 관측소 코드 조회 API에서 내려온 공식 연결 후보
4104610,주암(조),8000095,주암조절지댐보조수위,,,,,,107,OFFICIAL_API,K-water 수위 관측소 코드 조회 API에서 내려온 공식 연결 후보
5101110,장흥,5101620,장흥군(동산교),탐진강,34.81333333,126.89222222,2000.0,6.86,1,DISTANCE_OFFICIAL,K-water 수위 관측소 코드 조회 API에서 내려온 공식 연결 후보
5101110,장흥,5101680,강진군(풍동리),탐진강,34.64916667,126.87000000,2000.0,13.49,2,DISTANCE_OFFICIAL,K-water 수위 관측소 코드 조회 API에서 내려온 공식 연결 후보
5101110,장흥,5003604,화순군(세청교),영산강,34.89027778,126.98638889,2012.0,15.37,3,DISTANCE_CANDIDATE,거리 기반 후보입니다. 공식 하류 대표 관측소 여부는 추가 확인 필요
5101110,장흥,9900002,장흥 수위감지,,,,,,102,OFFICIAL_API,K-water 수위 관측소 코드 조회 API에서 내려온 공식 연결 후보
5101110,장흥,8000022,장흥군(장흥댐),,,,,,104,OFFICIAL_API,K-water 수위 관측소 코드 조회 API에서 내려온 공식 연결 후보
