dam_name,dam_code,obsrdt,inflowqy,lowlevel,rf,rsvwtqy,rsvwtrt,totdcwtrqy
충주,1003110,2026-05-30 16:00:00,0.0,124.97,0.0,,40.3,320.624
충주,1003110,2026-05-30 17:00:00,99.954,124.95,0.0,,40.3,317.871
충주,1003110,2026-05-30 18:00:00,5.05,124.93,0.0,,40.2,321.467
충주,1003110,2026-05-30 19:00:00,98.411,124.92,0.0,,40.2,317.994
충주,1003110,2026-05-30 20:00:00,39.481,124.9,0.0,,40.2,300.092
충주,1003110,2026-05-30 21:00:00,102.401,124.91,0.0,,40.2,8.207
충주,1003110,2026-05-30 22:00:00,0.0,124.9,0.0,,40.2,0.43
충주,1003110,2026-05-30 23:00:00,158.013,124.92,0.0,,40.2,0.43
충주,1003110,2026-05-31 00:00:00,0.0,124.92,0.0,,40.2,0.43
충주,1003110,2026-05-31 01:00:00,78.763,124.92,0.0,,40.2,0.43
충주,1003110,2026-05-31 02:00:00,60.902,124.93,0.0,,40.2,0.43
충주,1003110,2026-05-31 03:00:00,23.624,124.93,0.0,,40.2,0.43
충주,1003110,2026-05-31 04:00:00,103.958,124.93,0.0,,40.2,0.43
충주,1003110,2026-05-31 05:00:00,9.152,124.94,0.0,,40.2,0.43
충주,1003110,2026-05-31 06:00:00,119.43,124.94,0.0,,40.3,0.43
충주,1003110,2026-05-31 07:00:00,0.0,124.94,0.0,,40.3,0.43
충주,1003110,2026-05-31 08:00:00,91.661,124.95,0.0,,40.3,2.078
충주,1003110,2026-05-31 09:00:00,0.0,124.92,0.0,,40.2,302.977
충주,1003110,2026-05-31 10:00:00,244.212,124.91,0.0,,40.2,286.295
충주,1003110,2026-05-31 11:00:00,0.0,124.89,0.0,,40.2,265.1
충주,1003110,2026-05-31 12:00:00,210.951,124.88,0.0,,40.2,250.757
충주,1003110,2026-05-31 13:00:00,0.0,124.86,0.0,,40.1,249.13
충주,1003110,2026-05-31 14:00:00,130.046,124.85,0.0,,40.1,254.907
충주,1003110,2026-05-31 15:00:00,0.0,124.83,0.0,,40.1,260.456
충주,1003110,2026-05-31 16:00:00,104.17,124.83,0.0,,40.0,137.976
충주,1003110,2026-05-31 17:00:00,5.425,124.82,0.0,,40.0,151.564
충주,1003110,2026-05-31 18:00:00,187.453,124.82,0.0,,40.0,107.064
충주,1003110,2026-05-31 19:00:00,0.0,124.82,0.0,,40.0,0.43
충주,1003110,2026-05-31 20:00:00,58.263,124.83,0.0,,40.0,0.43
충주,1003110,2026-05-31 21:00:00,80.986,124.83,0.0,,40.1,0.43
충주,1003110,2026-05-31 22:00:00,9.069,124.83,0.0,,40.1,0.43
충주,1003110,2026-05-31 23:00:00,94.486,124.84,0.0,,40.1,0.43
충주,1003110,2026-06-01 00:00:00,0.0,124.84,0.0,,40.1,0.43
충주,1003110,2026-06-01 01:00:00,158.152,124.85,0.0,,40.1,0.43
충주,1003110,2026-06-01 02:00:00,0.0,124.85,0.0,,40.1,0.43
충주,1003110,2026-06-01 03:00:00,114.819,124.86,0.0,,40.1,0.43
충주,1003110,2026-06-01 04:00:00,0.0,124.85,0.0,,40.1,0.43
충주,1003110,2026-06-01 05:00:00,79.569,124.86,0.0,,40.1,0.43
충주,1003110,2026-06-01 06:00:00,38.597,124.86,0.0,,40.1,0.43
충주,1003110,2026-06-01 07:00:00,37.624,124.87,0.0,,40.1,0.43
충주,1003110,2026-06-01 08:00:00,28.199,124.87,0.0,,40.1,2.143
충주,1003110,2026-06-01 09:00:00,62.776,124.86,0.0,,40.1,245.276
충주,1003110,2026-06-01 10:00:00,15.489,124.84,0.0,,40.1,255.85
충주,1003110,2026-06-01 11:00:00,0.0,124.82,0.0,,40.0,276.111
충주,1003110,2026-06-01 12:00:00,59.506,124.8,0.0,,40.0,292.339
충주,1003110,2026-06-01 13:00:00,61.558,124.79,0.0,,40.0,208.086
충주,1003110,2026-06-01 14:00:00,0.0,124.78,0.0,,39.9,140.978
충주,1003110,2026-06-01 15:00:00,128.906,124.78,0.0,,39.9,138.573
충주,1003110,2026-06-01 16:00:00,0.0,124.77,0.0,,39.9,163.727
충주,1003110,2026-06-01 17:00:00,123.477,124.76,0.0,,39.9,163.394
충주,1003110,2026-06-01 18:00:00,48.577,124.77,0.0,,39.9,2.299
충주,1003110,2026-06-01 19:00:00,58.652,124.77,0.0,,39.9,0.43
충주,1003110,2026-06-01 20:00:00,58.236,124.77,0.0,,39.9,0.43
충주,1003110,2026-06-01 21:00:00,49.541,124.78,0.0,,39.9,0.43
충주,1003110,2026-06-01 22:00:00,45.68,124.78,0.0,,39.9,0.43
충주,1003110,2026-06-01 23:00:00,33.736,124.78,0.0,,40.0,0.43
충주,1003110,2026-06-02 00:00:00,6.208,124.78,0.0,,40.0,0.43
충주,1003110,2026-06-02 01:00:00,18.708,124.78,0.0,,40.0,0.43
충주,1003110,2026-06-02 02:00:00,64.513,124.79,0.0,,40.0,0.43
충주,1003110,2026-06-02 03:00:00,68.374,124.79,0.0,,40.0,0.43
충주,1003110,2026-06-02 04:00:00,69.819,124.8,0.0,,40.0,0.43
충주,1003110,2026-06-02 05:00:00,40.93,124.8,0.0,,40.0,0.43
충주,1003110,2026-06-02 06:00:00,73.208,124.8,0.0,,40.0,0.43
충주,1003110,2026-06-02 07:00:00,0.0,124.8,0.0,,40.0,0.43
충주,1003110,2026-06-02 08:00:00,33.801,124.81,0.0,,40.0,1.995
충주,1003110,2026-06-02 09:00:00,0.0,124.78,0.0,,39.9,325.556
충주,1003110,2026-06-02 10:00:00,98.248,124.76,0.0,,39.9,327.942
충주,1003110,2026-06-02 11:00:00,0.0,124.74,0.0,,39.9,330.069
충주,1003110,2026-06-02 12:00:00,118.442,124.72,0.0,,39.8,333.47
충주,1003110,2026-06-02 13:00:00,58.18,124.73,0.0,,39.8,0.43
충주,1003110,2026-06-02 14:00:00,4.236,124.73,0.0,,39.8,0.43
충주,1003110,2026-06-02 15:00:00,97.152,124.73,0.0,,39.9,0.43
충주,1003110,2026-06-02 16:00:00,0.0,124.73,0.0,,39.9,0.43
횡성,1006110,2026-05-30 16:00:00,1.676,172.41,0.0,48.06,55.3,1.676
횡성,1006110,2026-05-30 17:00:00,1.744,172.41,0.0,48.06,55.3,1.744
횡성,1006110,2026-05-30 18:00:00,1.744,172.41,0.0,48.06,55.3,1.744
횡성,1006110,2026-05-30 19:00:00,0.0,172.4,0.0,48.019,55.3,1.747
횡성,1006110,2026-05-30 20:00:00,1.709,172.4,0.0,48.019,55.3,1.709
횡성,1006110,2026-05-30 21:00:00,1.7,172.4,0.0,48.019,55.3,1.7
횡성,1006110,2026-05-30 22:00:00,1.7,172.4,0.0,48.019,55.3,1.7
횡성,1006110,2026-05-30 23:00:00,1.7,172.4,0.0,48.019,55.3,1.7
횡성,1006110,2026-05-31 00:00:00,1.7,172.4,0.0,48.019,55.3,1.7
횡성,1006110,2026-05-31 01:00:00,1.7,172.4,0.0,48.019,55.3,1.7
횡성,1006110,2026-05-31 02:00:00,1.7,172.4,0.0,48.019,55.3,1.7
횡성,1006110,2026-05-31 03:00:00,1.631,172.4,0.0,48.019,55.3,1.631
횡성,1006110,2026-05-31 04:00:00,1.6,172.4,0.0,48.019,55.3,1.6
횡성,1006110,2026-05-31 05:00:00,1.618,172.4,0.0,48.019,55.3,1.618
횡성,1006110,2026-05-31 06:00:00,1.65,172.4,0.0,48.019,55.3,1.65
횡성,1006110,2026-05-31 07:00:00,0.0,172.39,0.0,47.977,55.2,1.65
횡성,1006110,2026-05-31 08:00:00,1.64,172.39,0.0,47.977,55.2,1.64
횡성,1006110,2026-05-31 09:00:00,1.65,172.39,0.0,47.977,55.2,1.65
횡성,1006110,2026-05-31 10:00:00,1.65,172.39,0.0,47.977,55.2,1.65
횡성,1006110,2026-05-31 11:00:00,1.737,172.39,0.0,47.977,55.2,1.737
횡성,1006110,2026-05-31 12:00:00,1.746,172.39,0.0,47.977,55.2,1.746
횡성,1006110,2026-05-31 13:00:00,1.709,172.39,0.0,47.977,55.2,1.709
횡성,1006110,2026-05-31 14:00:00,1.7,172.39,0.0,47.977,55.2,1.7
횡성,1006110,2026-05-31 15:00:00,0.0,172.38,0.0,47.935,55.2,1.7
횡성,1006110,2026-05-31 16:00:00,1.707,172.38,0.0,47.935,55.2,1.707
횡성,1006110,2026-05-31 17:00:00,1.743,172.38,0.0,47.935,55.2,1.743
횡성,1006110,2026-05-31 18:00:00,1.705,172.38,0.0,47.935,55.2,1.705
횡성,1006110,2026-05-31 19:00:00,1.698,172.38,0.0,47.935,55.2,1.698
횡성,1006110,2026-05-31 20:00:00,1.726,172.38,0.0,47.935,55.2,1.726
횡성,1006110,2026-05-31 21:00:00,1.745,172.38,0.0,47.935,55.2,1.745
횡성,1006110,2026-05-31 22:00:00,1.746,172.38,0.0,47.935,55.2,1.746
횡성,1006110,2026-05-31 23:00:00,1.747,172.38,0.0,47.935,55.2,1.747
횡성,1006110,2026-06-01 00:00:00,0.0,172.37,0.0,47.894,55.1,1.746
횡성,1006110,2026-06-01 01:00:00,1.746,172.37,0.0,47.894,55.1,1.746
횡성,1006110,2026-06-01 02:00:00,1.745,172.37,0.0,47.894,55.1,1.745
횡성,1006110,2026-06-01 03:00:00,1.668,172.37,0.0,47.894,55.1,1.668
횡성,1006110,2026-06-01 04:00:00,1.65,172.37,0.0,47.894,55.1,1.65
횡성,1006110,2026-06-01 05:00:00,1.649,172.37,0.0,47.894,55.1,1.649
횡성,1006110,2026-06-01 06:00:00,1.736,172.37,0.0,47.894,55.1,1.736
횡성,1006110,2026-06-01 07:00:00,1.744,172.37,0.0,47.894,55.1,1.744
횡성,1006110,2026-06-01 08:00:00,0.0,172.36,0.0,47.852,55.1,1.746
횡성,1006110,2026-06-01 09:00:00,1.742,172.36,0.0,47.852,55.1,1.742
횡성,1006110,2026-06-01 10:00:00,2.269,172.36,0.0,47.852,55.1,2.269
횡성,1006110,2026-06-01 11:00:00,3.666,172.36,0.0,47.852,55.1,3.666
횡성,1006110,2026-06-01 12:00:00,0.0,172.35,0.0,47.811,55.0,4.199
횡성,1006110,2026-06-01 13:00:00,4.242,172.35,0.0,47.811,55.0,4.242
횡성,1006110,2026-06-01 14:00:00,4.243,172.35,0.0,47.811,55.0,4.243
횡성,1006110,2026-06-01 15:00:00,0.0,172.34,0.0,47.769,55.0,4.242
횡성,1006110,2026-06-01 16:00:00,4.241,172.34,0.0,47.769,55.0,4.241
횡성,1006110,2026-06-01 17:00:00,0.0,172.34,0.0,47.753,55.0,4.158
횡성,1006110,2026-06-01 18:00:00,0.0,172.33,0.0,47.728,54.9,4.146
횡성,1006110,2026-06-01 19:00:00,4.144,172.33,0.0,47.728,54.9,4.144
횡성,1006110,2026-06-01 20:00:00,0.0,172.32,0.0,47.686,54.9,4.117
횡성,1006110,2026-06-01 21:00:00,4.175,172.32,0.0,47.686,54.9,4.175
횡성,1006110,2026-06-01 22:00:00,4.238,172.32,0.0,47.686,54.9,4.238
횡성,1006110,2026-06-01 23:00:00,4.175,172.32,0.0,47.686,54.9,4.175
횡성,1006110,2026-06-02 00:00:00,0.0,172.31,0.0,47.645,54.8,3.94
횡성,1006110,2026-06-02 01:00:00,4.153,172.31,0.0,47.645,54.8,4.153
횡성,1006110,2026-06-02 02:00:00,4.234,172.31,0.0,47.645,54.8,4.234
횡성,1006110,2026-06-02 03:00:00,0.0,172.3,0.0,47.603,54.8,4.241
횡성,1006110,2026-06-02 04:00:00,4.24,172.3,0.0,47.603,54.8,4.24
횡성,1006110,2026-06-02 05:00:00,0.742,172.3,0.0,47.591,54.8,4.186
횡성,1006110,2026-06-02 06:00:00,0.0,172.29,0.0,47.562,54.7,4.043
횡성,1006110,2026-06-02 07:00:00,4.19,172.29,0.0,47.562,54.7,4.19
횡성,1006110,2026-06-02 08:00:00,0.0,172.29,0.0,47.541,54.7,4.198
횡성,1006110,2026-06-02 09:00:00,0.0,172.28,0.0,47.52,54.7,4.158
횡성,1006110,2026-06-02 10:00:00,3.544,172.28,0.0,47.52,54.7,3.544
횡성,1006110,2026-06-02 11:00:00,2.874,172.28,0.0,47.52,54.7,2.874
횡성,1006110,2026-06-02 12:00:00,0.0,172.27,0.0,47.479,54.6,2.915
횡성,1006110,2026-06-02 13:00:00,2.92,172.27,0.0,47.479,54.6,2.92
횡성,1006110,2026-06-02 14:00:00,1.92,172.27,0.0,47.479,54.6,1.92
횡성,1006110,2026-06-02 15:00:00,1.784,172.27,0.0,47.479,54.6,1.784
횡성,1006110,2026-06-02 16:00:00,1.785,172.27,0.5,47.479,54.6,1.785
소양강,1012110,2026-05-30 16:00:00,0.0,178.17,0.0,,55.2,83.884
소양강,1012110,2026-05-30 17:00:00,79.101,178.17,0.0,,55.2,82.99
소양강,1012110,2026-05-30 18:00:00,0.0,178.16,0.0,,55.2,83.411
소양강,1012110,2026-05-30 19:00:00,12.637,178.16,0.0,,55.2,82.554
소양강,1012110,2026-05-30 20:00:00,72.204,178.16,0.0,,55.2,81.26
소양강,1012110,2026-05-30 21:00:00,17.794,178.15,0.0,,55.2,81.211
소양강,1012110,2026-05-30 22:00:00,92.754,178.15,0.0,,55.2,81.115
소양강,1012110,2026-05-30 23:00:00,4.911,178.15,0.0,,55.2,81.244
소양강,1012110,2026-05-31 00:00:00,32.607,178.14,0.0,,55.2,80.496
소양강,1012110,2026-05-31 01:00:00,12.856,178.14,0.0,,55.1,102.134
소양강,1012110,2026-05-31 02:00:00,0.0,178.13,0.0,,55.1,102.684
소양강,1012110,2026-05-31 03:00:00,77.751,178.13,0.0,,55.1,102.307
소양강,1012110,2026-05-31 04:00:00,0.0,178.12,0.0,,55.1,102.12
소양강,1012110,2026-05-31 05:00:00,0.0,178.11,0.0,,55.1,102.597
소양강,1012110,2026-05-31 06:00:00,53.349,178.1,0.0,,55.1,102.46
소양강,1012110,2026-05-31 07:00:00,37.72,178.1,0.0,,55.1,102.359
소양강,1012110,2026-05-31 08:00:00,0.0,178.09,0.0,,55.1,102.512
소양강,1012110,2026-05-31 09:00:00,17.579,178.08,0.0,,55.1,102.857
소양강,1012110,2026-05-31 10:00:00,0.0,178.08,0.0,,55.1,0.6
소양강,1012110,2026-05-31 11:00:00,0.0,178.08,0.0,,55.1,0.6
소양강,1012110,2026-05-31 12:00:00,52.294,178.08,0.0,,55.1,0.6
소양강,1012110,2026-05-31 13:00:00,10.046,178.08,0.0,,55.1,69.49
소양강,1012110,2026-05-31 14:00:00,51.289,178.08,0.0,,55.1,70.65
소양강,1012110,2026-05-31 15:00:00,35.565,178.07,0.0,,55.0,70.454
소양강,1012110,2026-05-31 16:00:00,0.0,178.07,0.0,,55.0,70.715
소양강,1012110,2026-05-31 17:00:00,56.156,178.07,0.0,,55.0,0.6
소양강,1012110,2026-05-31 18:00:00,0.0,178.07,0.0,,55.0,0.6
소양강,1012110,2026-05-31 19:00:00,22.572,178.07,0.0,,55.0,0.6
소양강,1012110,2026-05-31 20:00:00,13.107,178.07,0.0,,55.0,72.551
소양강,1012110,2026-05-31 21:00:00,32.656,178.06,0.0,,55.0,71.406
소양강,1012110,2026-05-31 22:00:00,70.227,178.06,0.0,,55.0,71.505
소양강,1012110,2026-05-31 23:00:00,30.221,178.06,0.0,,55.0,71.554
소양강,1012110,2026-06-01 00:00:00,14.563,178.05,0.0,,55.0,80.424
소양강,1012110,2026-06-01 01:00:00,32.357,178.05,0.0,,55.0,100.801
소양강,1012110,2026-06-01 02:00:00,0.0,178.04,0.0,,55.0,101.498
소양강,1012110,2026-06-01 03:00:00,29.409,178.03,0.0,,55.0,101.687
소양강,1012110,2026-06-01 04:00:00,43.484,178.03,0.0,,55.0,101.567
소양강,1012110,2026-06-01 05:00:00,19.965,178.02,0.0,,55.0,101.271
소양강,1012110,2026-06-01 06:00:00,0.0,178.01,0.0,,55.0,101.806
소양강,1012110,2026-06-01 07:00:00,6.307,178.01,0.0,,54.9,101.779
소양강,1012110,2026-06-01 08:00:00,23.038,178.0,0.0,,54.9,101.732
소양강,1012110,2026-06-01 09:00:00,16.205,177.99,0.0,,54.9,101.316
소양강,1012110,2026-06-01 10:00:00,0.0,177.98,0.0,,54.9,71.983
소양강,1012110,2026-06-01 11:00:00,31.882,177.98,0.0,,54.9,71.854
소양강,1012110,2026-06-01 12:00:00,8.57,177.98,0.0,,54.9,71.737
소양강,1012110,2026-06-01 13:00:00,9.49,177.97,0.0,,54.9,31.407
소양강,1012110,2026-06-01 14:00:00,23.822,177.98,0.0,,54.9,0.6
소양강,1012110,2026-06-01 15:00:00,5.739,177.98,0.0,,54.9,0.6
소양강,1012110,2026-06-01 16:00:00,52.183,177.98,0.0,,54.9,0.6
소양강,1012110,2026-06-01 17:00:00,0.0,177.98,0.0,,54.9,2.032
소양강,1012110,2026-06-01 18:00:00,22.061,177.97,0.0,,54.9,154.839
소양강,1012110,2026-06-01 19:00:00,29.247,177.96,0.0,,54.9,163.303
소양강,1012110,2026-06-01 20:00:00,0.0,177.95,0.0,,54.9,81.217
소양강,1012110,2026-06-01 21:00:00,42.457,177.95,0.0,,54.8,79.818
소양강,1012110,2026-06-01 22:00:00,58.027,177.95,0.0,,54.8,79.916
소양강,1012110,2026-06-01 23:00:00,0.0,177.94,0.0,,54.8,80.912
소양강,1012110,2026-06-02 00:00:00,64.024,177.94,0.0,,54.8,82.052
소양강,1012110,2026-06-02 01:00:00,0.0,177.93,0.0,,54.8,103.384
소양강,1012110,2026-06-02 02:00:00,31.358,177.92,0.0,,54.8,103.469
소양강,1012110,2026-06-02 03:00:00,45.508,177.92,0.0,,54.8,103.452
소양강,1012110,2026-06-02 04:00:00,13.409,177.91,0.0,,54.8,103.52
소양강,1012110,2026-06-02 05:00:00,36.542,177.91,0.0,,54.8,103.486
소양강,1012110,2026-06-02 06:00:00,0.0,177.9,0.0,,54.8,103.503
소양강,1012110,2026-06-02 07:00:00,0.644,177.89,0.0,,54.8,103.588
소양강,1012110,2026-06-02 08:00:00,21.238,177.88,0.0,,54.7,103.571
소양강,1012110,2026-06-02 09:00:00,0.182,177.88,0.0,,54.7,103.099
소양강,1012110,2026-06-02 10:00:00,0.0,177.87,0.0,,54.7,71.204
소양강,1012110,2026-06-02 11:00:00,6.91,177.86,0.0,,54.7,71.188
소양강,1012110,2026-06-02 12:00:00,58.007,177.86,0.0,,54.7,70.868
소양강,1012110,2026-06-02 13:00:00,0.0,177.86,0.0,,54.7,0.6
소양강,1012110,2026-06-02 14:00:00,0.0,177.86,0.0,,54.7,0.6
소양강,1012110,2026-06-02 15:00:00,73.906,177.86,0.0,,54.7,0.6
소양강,1012110,2026-06-02 16:00:00,4.713,177.86,0.0,,54.7,0.88
안동,2001110,2026-05-30 16:00:00,0.0,143.82,0.0,520.41,41.7,0.0
안동,2001110,2026-05-30 17:00:00,0.0,143.82,0.0,520.41,41.7,0.0
안동,2001110,2026-05-30 18:00:00,0.0,143.82,0.0,520.41,41.7,0.0
안동,2001110,2026-05-30 19:00:00,82.766,143.82,0.0,520.41,41.7,82.766
안동,2001110,2026-05-30 20:00:00,0.0,143.81,0.0,520.109,41.7,82.443
안동,2001110,2026-05-30 21:00:00,1.788,143.8,0.0,519.807,41.7,85.538
안동,2001110,2026-05-30 22:00:00,2.416,143.79,0.0,519.506,41.6,86.138
안동,2001110,2026-05-30 23:00:00,80.226,143.79,0.0,519.482,41.6,86.92
안동,2001110,2026-05-31 00:00:00,0.0,143.78,0.0,519.205,41.6,19.906
안동,2001110,2026-05-31 01:00:00,0.0,143.78,0.0,519.205,41.6,0.0
안동,2001110,2026-05-31 02:00:00,0.933,143.78,0.0,519.205,41.6,0.933
안동,2001110,2026-05-31 03:00:00,44.418,143.78,0.0,519.096,41.6,74.529
안동,2001110,2026-05-31 04:00:00,19.388,143.77,0.0,518.903,41.6,72.916
안동,2001110,2026-05-31 05:00:00,3.411,143.76,0.0,518.627,41.6,80.328
안동,2001110,2026-05-31 06:00:00,25.026,143.75,0.0,518.41,41.5,85.22
안동,2001110,2026-05-31 07:00:00,0.0,143.74,0.0,518.025,41.5,86.83
안동,2001110,2026-05-31 08:00:00,9.063,143.73,0.0,517.772,41.5,79.202
안동,2001110,2026-05-31 09:00:00,0.0,143.73,0.0,517.712,41.5,0.0
안동,2001110,2026-05-31 10:00:00,23.361,143.73,0.0,517.796,41.5,0.0
안동,2001110,2026-05-31 11:00:00,0.0,143.73,0.0,517.7,41.5,0.0
안동,2001110,2026-05-31 12:00:00,0.0,143.73,0.0,517.7,41.5,0.0
안동,2001110,2026-05-31 13:00:00,0.0,143.73,0.0,517.7,41.5,0.0
안동,2001110,2026-05-31 14:00:00,0.0,143.73,0.0,517.7,41.5,0.0
안동,2001110,2026-05-31 15:00:00,0.0,143.73,0.0,517.7,41.5,0.0
안동,2001110,2026-05-31 16:00:00,0.0,143.73,0.0,517.7,41.5,0.0
안동,2001110,2026-05-31 17:00:00,0.0,143.73,0.0,517.7,41.5,0.0
안동,2001110,2026-05-31 18:00:00,0.0,143.73,0.0,517.7,41.5,0.0
안동,2001110,2026-05-31 19:00:00,152.433,143.74,0.0,517.977,41.5,75.627
안동,2001110,2026-05-31 20:00:00,0.0,143.73,0.0,517.7,41.5,73.866
안동,2001110,2026-05-31 21:00:00,0.0,143.72,0.0,517.4,41.5,77.088
안동,2001110,2026-05-31 22:00:00,0.0,143.71,0.0,517.1,41.4,73.545
안동,2001110,2026-05-31 23:00:00,0.0,143.7,0.0,516.799,41.4,79.432
안동,2001110,2026-06-01 00:00:00,12.026,143.7,0.0,516.799,41.4,12.026
안동,2001110,2026-06-01 01:00:00,0.0,143.7,0.0,516.799,41.4,0.0
안동,2001110,2026-06-01 02:00:00,0.0,143.7,0.0,516.799,41.4,0.0
안동,2001110,2026-06-01 03:00:00,0.0,143.7,0.0,516.799,41.4,0.0
안동,2001110,2026-06-01 04:00:00,11.61,143.69,0.0,516.499,41.4,94.943
안동,2001110,2026-06-01 05:00:00,102.533,143.69,0.0,516.499,41.4,102.533
안동,2001110,2026-06-01 06:00:00,0.0,143.67,0.0,515.9,41.3,102.143
안동,2001110,2026-06-01 07:00:00,18.296,143.66,0.0,515.6,41.3,101.518
안동,2001110,2026-06-01 08:00:00,16.58,143.65,0.0,515.301,41.3,99.747
안동,2001110,2026-06-01 09:00:00,0.711,143.65,0.0,515.301,41.3,0.711
안동,2001110,2026-06-01 10:00:00,0.0,143.65,0.0,515.301,41.3,0.0
안동,2001110,2026-06-01 11:00:00,0.0,143.65,0.0,515.301,41.3,0.0
안동,2001110,2026-06-01 12:00:00,0.0,143.65,0.0,515.301,41.3,0.0
안동,2001110,2026-06-01 13:00:00,0.0,143.65,0.0,515.301,41.3,0.0
안동,2001110,2026-06-01 14:00:00,0.0,143.65,0.0,515.301,41.3,0.0
안동,2001110,2026-06-01 15:00:00,0.0,143.65,0.0,515.301,41.3,0.0
안동,2001110,2026-06-01 16:00:00,0.0,143.65,0.0,515.301,41.3,0.0
안동,2001110,2026-06-01 17:00:00,0.0,143.65,0.0,515.301,41.3,0.0
안동,2001110,2026-06-01 18:00:00,0.128,143.65,0.0,515.301,41.3,0.128
안동,2001110,2026-06-01 19:00:00,66.072,143.65,0.0,515.205,41.3,92.683
안동,2001110,2026-06-01 20:00:00,38.273,143.64,0.0,515.002,41.3,94.801
안동,2001110,2026-06-01 21:00:00,14.882,143.63,0.0,514.702,41.2,97.965
안동,2001110,2026-06-01 22:00:00,27.268,143.62,0.0,514.487,41.2,87.074
안동,2001110,2026-06-01 23:00:00,0.0,143.61,0.0,514.105,41.2,0.0
안동,2001110,2026-06-02 00:00:00,83.0,143.62,0.0,514.403,41.2,0.0
안동,2001110,2026-06-02 01:00:00,0.0,143.62,0.0,514.403,41.2,0.0
안동,2001110,2026-06-02 02:00:00,0.0,143.62,0.0,514.391,41.2,0.209
안동,2001110,2026-06-02 03:00:00,46.756,143.62,0.0,514.296,41.2,73.339
안동,2001110,2026-06-02 04:00:00,13.383,143.61,0.0,514.069,41.2,76.466
안동,2001110,2026-06-02 05:00:00,0.0,143.6,0.0,513.674,41.2,73.722
안동,2001110,2026-06-02 06:00:00,63.377,143.59,0.0,513.615,41.2,79.96
안동,2001110,2026-06-02 07:00:00,0.0,143.57,0.0,512.994,41.1,88.485
안동,2001110,2026-06-02 08:00:00,39.102,143.57,0.0,512.779,41.1,98.741
안동,2001110,2026-06-02 09:00:00,54.983,143.56,0.0,512.612,41.1,101.372
안동,2001110,2026-06-02 10:00:00,0.0,143.55,0.0,512.326,41.1,0.176
안동,2001110,2026-06-02 11:00:00,0.0,143.55,0.0,512.314,41.1,0.0
안동,2001110,2026-06-02 12:00:00,0.0,143.55,0.0,512.314,41.1,0.0
안동,2001110,2026-06-02 13:00:00,0.0,143.55,0.0,512.314,41.1,0.0
안동,2001110,2026-06-02 14:00:00,82.778,143.56,0.0,512.612,41.1,0.0
안동,2001110,2026-06-02 15:00:00,0.0,143.56,0.0,512.612,41.1,0.0
안동,2001110,2026-06-02 16:00:00,0.0,143.56,0.0,512.612,41.1,0.0
임하,2002110,2026-05-30 16:00:00,0.469,149.34,0.0,274.599,46.2,4.469
임하,2002110,2026-05-30 17:00:00,6.693,149.34,0.0,274.607,46.2,4.471
임하,2002110,2026-05-30 18:00:00,5.351,149.34,0.0,274.61,46.2,4.462
임하,2002110,2026-05-30 19:00:00,6.692,149.34,0.0,274.618,46.2,4.47
임하,2002110,2026-05-30 20:00:00,17.268,149.33,0.0,274.486,46.1,54.101
임하,2002110,2026-05-30 21:00:00,4.26,149.32,0.0,274.3,46.1,55.732
임하,2002110,2026-05-30 22:00:00,10.487,149.31,0.0,274.139,46.1,55.293
임하,2002110,2026-05-30 23:00:00,0.0,149.3,0.0,273.94,46.0,53.435
임하,2002110,2026-05-31 00:00:00,0.0,149.29,0.0,273.916,46.0,4.853
임하,2002110,2026-05-31 01:00:00,7.523,149.3,0.0,273.925,46.0,4.856
임하,2002110,2026-05-31 02:00:00,0.0,149.29,0.0,273.898,46.0,4.858
임하,2002110,2026-05-31 03:00:00,14.157,149.3,0.0,273.932,46.0,4.851
임하,2002110,2026-05-31 04:00:00,0.0,149.29,0.0,273.893,46.0,4.855
임하,2002110,2026-05-31 05:00:00,11.936,149.3,0.0,273.919,46.0,4.853
임하,2002110,2026-05-31 06:00:00,0.408,149.29,0.0,273.903,46.0,4.852
임하,2002110,2026-05-31 07:00:00,0.437,149.29,0.0,273.887,46.0,4.854
임하,2002110,2026-05-31 08:00:00,3.97,149.29,0.0,273.884,46.0,4.859
임하,2002110,2026-05-31 09:00:00,0.0,149.29,0.0,273.855,46.0,4.855
임하,2002110,2026-05-31 10:00:00,4.85,149.29,0.0,273.855,46.0,4.85
임하,2002110,2026-05-31 11:00:00,4.852,149.29,0.0,273.855,46.0,4.852
임하,2002110,2026-05-31 12:00:00,4.852,149.29,0.0,273.855,46.0,4.852
임하,2002110,2026-05-31 13:00:00,4.857,149.29,0.0,273.855,46.0,4.857
임하,2002110,2026-05-31 14:00:00,2.191,149.29,0.0,273.845,46.0,4.858
임하,2002110,2026-05-31 15:00:00,6.272,149.29,0.0,273.852,46.0,4.494
임하,2002110,2026-05-31 16:00:00,1.797,149.29,0.0,273.842,46.0,4.464
임하,2002110,2026-05-31 17:00:00,2.688,149.29,0.0,273.836,46.0,4.466
임하,2002110,2026-05-31 18:00:00,5.354,149.29,0.0,273.839,46.0,4.465
임하,2002110,2026-05-31 19:00:00,4.465,149.29,0.0,273.839,46.0,4.465
임하,2002110,2026-05-31 20:00:00,20.662,149.28,0.0,273.743,46.0,47.245
임하,2002110,2026-05-31 21:00:00,0.0,149.27,0.0,273.566,46.0,47.893
임하,2002110,2026-05-31 22:00:00,8.905,149.26,0.0,273.436,46.0,45.211
임하,2002110,2026-05-31 23:00:00,0.047,149.25,0.0,273.252,45.9,50.964
임하,2002110,2026-06-01 00:00:00,1.592,149.25,0.0,273.142,45.9,32.12
임하,2002110,2026-06-01 01:00:00,0.0,149.24,0.0,273.112,45.9,4.848
임하,2002110,2026-06-01 02:00:00,9.29,149.25,0.0,273.128,45.9,4.846
임하,2002110,2026-06-01 03:00:00,0.0,149.24,0.0,273.109,45.9,4.851
임하,2002110,2026-06-01 04:00:00,3.962,149.24,0.0,273.106,45.9,4.851
임하,2002110,2026-06-01 05:00:00,5.292,149.24,0.0,273.107,45.9,4.848
임하,2002110,2026-06-01 06:00:00,0.0,149.24,0.0,273.09,45.9,4.844
임하,2002110,2026-06-01 07:00:00,4.847,149.24,0.0,273.09,45.9,4.847
임하,2002110,2026-06-01 08:00:00,4.847,149.24,0.0,273.09,45.9,4.847
임하,2002110,2026-06-01 09:00:00,0.0,149.24,0.0,273.069,45.9,4.847
임하,2002110,2026-06-01 10:00:00,6.18,149.24,0.0,273.074,45.9,4.847
임하,2002110,2026-06-01 11:00:00,0.0,149.24,0.0,273.042,45.9,4.843
임하,2002110,2026-06-01 12:00:00,3.068,149.24,0.0,273.036,45.9,4.846
임하,2002110,2026-06-01 13:00:00,2.624,149.24,0.0,273.028,45.9,4.846
임하,2002110,2026-06-01 14:00:00,4.401,149.24,0.0,273.026,45.9,4.845
임하,2002110,2026-06-01 15:00:00,3.639,149.24,0.0,273.023,45.9,4.5
임하,2002110,2026-06-01 16:00:00,0.0,149.24,0.0,273.005,45.9,4.463
임하,2002110,2026-06-01 17:00:00,4.466,149.24,0.0,273.005,45.9,4.466
임하,2002110,2026-06-01 18:00:00,11.547,149.24,0.0,273.031,45.9,4.464
임하,2002110,2026-06-01 19:00:00,0.0,149.24,0.0,272.978,45.9,4.637
임하,2002110,2026-06-01 20:00:00,31.32,149.23,0.0,272.878,45.9,59.181
임하,2002110,2026-06-01 21:00:00,0.0,149.21,0.0,272.635,45.8,61.561
임하,2002110,2026-06-01 22:00:00,5.041,149.2,0.0,272.437,45.8,59.819
임하,2002110,2026-06-01 23:00:00,0.0,149.19,0.0,272.237,45.8,54.415
임하,2002110,2026-06-02 00:00:00,0.0,149.19,0.0,272.201,45.8,4.873
임하,2002110,2026-06-02 01:00:00,8.402,149.19,0.0,272.213,45.8,4.874
임하,2002110,2026-06-02 02:00:00,0.0,149.19,0.0,272.183,45.8,4.872
임하,2002110,2026-06-02 03:00:00,9.296,149.19,0.0,272.199,45.8,4.879
임하,2002110,2026-06-02 04:00:00,0.458,149.19,0.0,272.183,45.8,4.875
임하,2002110,2026-06-02 05:00:00,4.872,149.19,0.0,272.183,45.8,4.872
임하,2002110,2026-06-02 06:00:00,4.87,149.19,0.0,272.183,45.8,4.87
임하,2002110,2026-06-02 07:00:00,1.344,149.19,0.0,272.17,45.7,4.872
임하,2002110,2026-06-02 08:00:00,5.316,149.19,0.0,272.172,45.7,4.872
임하,2002110,2026-06-02 09:00:00,0.0,149.18,0.0,272.145,45.7,4.869
임하,2002110,2026-06-02 10:00:00,2.231,149.18,0.0,272.135,45.7,4.87
임하,2002110,2026-06-02 11:00:00,3.091,149.18,0.0,272.129,45.7,4.869
임하,2002110,2026-06-02 12:00:00,2.232,149.18,0.0,272.12,45.7,4.871
임하,2002110,2026-06-02 13:00:00,4.873,149.18,0.0,272.12,45.7,4.873
임하,2002110,2026-06-02 14:00:00,4.871,149.18,0.0,272.12,45.7,4.871
임하,2002110,2026-06-02 15:00:00,1.535,149.18,0.0,272.11,45.7,4.202
임하,2002110,2026-06-02 16:00:00,4.941,149.18,0.0,272.112,45.7,4.497
성덕,2002111,2026-05-30 16:00:00,0.882,349.09,0.0,10.593,38.0,0.882
성덕,2002111,2026-05-30 17:00:00,0.0,349.08,0.0,10.585,37.9,0.882
성덕,2002111,2026-05-30 18:00:00,0.882,349.08,0.0,10.585,37.9,0.882
성덕,2002111,2026-05-30 19:00:00,0.882,349.08,0.0,10.585,37.9,0.882
성덕,2002111,2026-05-30 20:00:00,0.882,349.08,0.0,10.585,37.9,0.882
성덕,2002111,2026-05-30 21:00:00,0.0,349.07,0.0,10.576,37.9,0.883
성덕,2002111,2026-05-30 22:00:00,0.89,349.07,0.0,10.576,37.9,0.89
성덕,2002111,2026-05-30 23:00:00,0.89,349.07,0.0,10.576,37.9,0.89
성덕,2002111,2026-05-31 00:00:00,0.0,349.06,0.0,10.568,37.9,0.89
성덕,2002111,2026-05-31 01:00:00,0.89,349.06,0.0,10.568,37.9,0.89
성덕,2002111,2026-05-31 02:00:00,0.418,349.06,0.0,10.567,37.9,0.89
성덕,2002111,2026-05-31 03:00:00,0.0,349.05,0.0,10.56,37.9,0.89
성덕,2002111,2026-05-31 04:00:00,0.89,349.05,0.0,10.56,37.9,0.89
성덕,2002111,2026-05-31 05:00:00,0.889,349.05,0.0,10.56,37.9,0.889
성덕,2002111,2026-05-31 06:00:00,0.0,349.04,0.0,10.552,37.8,0.889
성덕,2002111,2026-05-31 07:00:00,0.889,349.04,0.0,10.552,37.8,0.889
성덕,2002111,2026-05-31 08:00:00,0.0,349.03,0.0,10.544,37.8,0.889
성덕,2002111,2026-05-31 09:00:00,0.889,349.03,0.0,10.544,37.8,0.889
성덕,2002111,2026-05-31 10:00:00,0.0,349.02,0.0,10.536,37.8,0.889
성덕,2002111,2026-05-31 11:00:00,0.889,349.02,0.0,10.536,37.8,0.889
성덕,2002111,2026-05-31 12:00:00,0.889,349.02,0.0,10.536,37.8,0.889
성덕,2002111,2026-05-31 13:00:00,0.0,349.01,0.0,10.528,37.7,0.889
성덕,2002111,2026-05-31 14:00:00,0.889,349.01,0.0,10.528,37.7,0.889
성덕,2002111,2026-05-31 15:00:00,0.0,349.0,0.0,10.52,37.7,0.889
성덕,2002111,2026-05-31 16:00:00,0.889,349.0,0.0,10.52,37.7,0.889
성덕,2002111,2026-05-31 17:00:00,0.889,349.0,0.0,10.52,37.7,0.889
성덕,2002111,2026-05-31 18:00:00,0.889,349.0,0.0,10.52,37.7,0.889
성덕,2002111,2026-05-31 19:00:00,0.0,348.99,0.0,10.512,37.7,0.889
성덕,2002111,2026-05-31 20:00:00,0.889,348.99,0.0,10.512,37.7,0.889
성덕,2002111,2026-05-31 21:00:00,0.0,348.98,0.0,10.504,37.7,0.889
성덕,2002111,2026-05-31 22:00:00,0.889,348.98,0.0,10.504,37.7,0.889
성덕,2002111,2026-05-31 23:00:00,0.889,348.98,0.0,10.504,37.7,0.889
성덕,2002111,2026-06-01 00:00:00,0.0,348.97,0.0,10.496,37.6,0.889
성덕,2002111,2026-06-01 01:00:00,0.889,348.97,0.0,10.496,37.6,0.889
성덕,2002111,2026-06-01 02:00:00,0.889,348.97,0.0,10.496,37.6,0.889
성덕,2002111,2026-06-01 03:00:00,0.0,348.96,0.0,10.488,37.6,0.889
성덕,2002111,2026-06-01 04:00:00,0.889,348.96,0.0,10.488,37.6,0.889
성덕,2002111,2026-06-01 05:00:00,0.889,348.96,0.0,10.488,37.6,0.889
성덕,2002111,2026-06-01 06:00:00,0.0,348.95,0.0,10.48,37.6,0.905
성덕,2002111,2026-06-01 07:00:00,0.908,348.95,0.0,10.48,37.6,0.908
성덕,2002111,2026-06-01 08:00:00,0.0,348.94,0.0,10.472,37.5,0.908
성덕,2002111,2026-06-01 09:00:00,0.92,348.94,0.0,10.472,37.5,0.92
성덕,2002111,2026-06-01 10:00:00,0.0,348.93,0.0,10.464,37.5,0.934
성덕,2002111,2026-06-01 11:00:00,0.928,348.93,0.0,10.464,37.5,0.928
성덕,2002111,2026-06-01 12:00:00,0.928,348.93,0.0,10.464,37.5,0.928
성덕,2002111,2026-06-01 13:00:00,0.0,348.92,0.0,10.456,37.5,0.929
성덕,2002111,2026-06-01 14:00:00,0.931,348.92,0.0,10.456,37.5,0.931
성덕,2002111,2026-06-01 15:00:00,0.0,348.91,0.0,10.448,37.5,0.935
성덕,2002111,2026-06-01 16:00:00,0.863,348.91,0.0,10.448,37.5,0.863
성덕,2002111,2026-06-01 17:00:00,0.212,348.91,0.0,10.448,37.5,0.212
성덕,2002111,2026-06-01 18:00:00,0.528,348.91,0.0,10.448,37.5,0.528
성덕,2002111,2026-06-01 19:00:00,0.0,348.9,0.0,10.44,37.4,0.881
성덕,2002111,2026-06-01 20:00:00,0.659,348.9,0.0,10.44,37.4,0.881
성덕,2002111,2026-06-01 21:00:00,0.881,348.9,0.0,10.44,37.4,0.881
성덕,2002111,2026-06-01 22:00:00,0.0,348.89,0.0,10.434,37.4,0.881
성덕,2002111,2026-06-01 23:00:00,0.222,348.89,0.0,10.432,37.4,0.889
성덕,2002111,2026-06-02 00:00:00,0.889,348.89,0.0,10.432,37.4,0.889
성덕,2002111,2026-06-02 01:00:00,0.889,348.89,0.0,10.432,37.4,0.889
성덕,2002111,2026-06-02 02:00:00,0.0,348.88,0.0,10.424,37.4,0.889
성덕,2002111,2026-06-02 03:00:00,0.888,348.88,0.0,10.424,37.4,0.888
성덕,2002111,2026-06-02 04:00:00,0.0,348.87,0.0,10.416,37.3,0.888
성덕,2002111,2026-06-02 05:00:00,0.886,348.87,0.0,10.416,37.3,0.886
성덕,2002111,2026-06-02 06:00:00,0.887,348.87,0.0,10.416,37.3,0.887
성덕,2002111,2026-06-02 07:00:00,0.0,348.86,0.0,10.408,37.3,0.885
성덕,2002111,2026-06-02 08:00:00,0.885,348.86,0.0,10.408,37.3,0.885
성덕,2002111,2026-06-02 09:00:00,0.0,348.85,0.0,10.401,37.3,0.884
성덕,2002111,2026-06-02 10:00:00,0.441,348.85,0.0,10.4,37.3,0.885
성덕,2002111,2026-06-02 11:00:00,0.885,348.85,0.0,10.4,37.3,0.885
성덕,2002111,2026-06-02 12:00:00,0.0,348.84,0.0,10.392,37.3,0.871
성덕,2002111,2026-06-02 13:00:00,0.884,348.84,0.0,10.392,37.3,0.884
성덕,2002111,2026-06-02 14:00:00,0.886,348.84,0.0,10.392,37.3,0.886
성덕,2002111,2026-06-02 15:00:00,0.0,348.83,0.8,10.384,37.2,0.868
성덕,2002111,2026-06-02 16:00:00,0.867,348.83,0.0,10.384,37.2,0.867
영주,2004101,2026-05-30 16:00:00,1.351,143.07,0.0,39.408,21.8,1.351
영주,2004101,2026-05-30 17:00:00,1.355,143.07,0.0,39.408,21.8,1.355
영주,2004101,2026-05-30 18:00:00,1.351,143.07,0.0,39.408,21.8,1.351
영주,2004101,2026-05-30 19:00:00,1.352,143.07,0.0,39.408,21.8,1.352
영주,2004101,2026-05-30 20:00:00,1.352,143.07,0.0,39.408,21.8,1.352
영주,2004101,2026-05-30 21:00:00,1.352,143.07,0.0,39.408,21.8,1.352
영주,2004101,2026-05-30 22:00:00,1.354,143.07,0.0,39.408,21.8,1.354
영주,2004101,2026-05-30 23:00:00,1.355,143.07,0.0,39.408,21.8,1.355
영주,2004101,2026-05-31 00:00:00,1.352,143.07,0.0,39.408,21.8,1.352
영주,2004101,2026-05-31 01:00:00,1.351,143.07,0.0,39.408,21.8,1.351
영주,2004101,2026-05-31 02:00:00,1.353,143.07,0.0,39.408,21.8,1.353
영주,2004101,2026-05-31 03:00:00,1.357,143.07,0.0,39.408,21.8,1.357
영주,2004101,2026-05-31 04:00:00,1.352,143.07,0.0,39.408,21.8,1.352
영주,2004101,2026-05-31 05:00:00,1.355,143.07,0.0,39.408,21.8,1.355
영주,2004101,2026-05-31 06:00:00,1.35,143.07,0.0,39.408,21.8,1.35
영주,2004101,2026-05-31 07:00:00,1.353,143.07,0.0,39.408,21.8,1.353
영주,2004101,2026-05-31 08:00:00,1.356,143.07,0.0,39.408,21.8,1.356
영주,2004101,2026-05-31 09:00:00,1.355,143.07,0.0,39.408,21.8,1.355
영주,2004101,2026-05-31 10:00:00,1.352,143.07,0.0,39.408,21.8,1.352
영주,2004101,2026-05-31 11:00:00,1.351,143.07,0.0,39.408,21.8,1.351
영주,2004101,2026-05-31 12:00:00,0.0,143.07,0.0,39.403,21.8,1.354
영주,2004101,2026-05-31 13:00:00,2.41,143.07,0.0,39.407,21.8,1.354
영주,2004101,2026-05-31 14:00:00,1.355,143.07,0.0,39.407,21.8,1.355
영주,2004101,2026-05-31 15:00:00,0.0,143.07,0.0,39.396,21.8,1.354
영주,2004101,2026-05-31 16:00:00,2.74,143.07,0.0,39.401,21.8,1.351
영주,2004101,2026-05-31 17:00:00,1.714,143.07,0.0,39.402,21.8,1.353
영주,2004101,2026-05-31 18:00:00,2.051,143.07,0.0,39.405,21.8,1.357
영주,2004101,2026-05-31 19:00:00,2.05,143.07,0.0,39.407,21.8,1.356
영주,2004101,2026-05-31 20:00:00,1.711,143.07,0.0,39.408,21.8,1.35
영주,2004101,2026-05-31 21:00:00,1.351,143.07,0.0,39.408,21.8,1.351
영주,2004101,2026-05-31 22:00:00,1.354,143.07,0.0,39.408,21.8,1.354
영주,2004101,2026-05-31 23:00:00,1.353,143.07,0.0,39.408,21.8,1.353
영주,2004101,2026-06-01 00:00:00,1.354,143.07,0.0,39.408,21.8,1.354
영주,2004101,2026-06-01 01:00:00,1.519,143.07,0.0,39.408,21.8,1.519
영주,2004101,2026-06-01 02:00:00,1.534,143.07,0.0,39.408,21.8,1.534
영주,2004101,2026-06-01 03:00:00,1.532,143.07,0.0,39.408,21.8,1.532
영주,2004101,2026-06-01 04:00:00,1.534,143.07,0.0,39.408,21.8,1.534
영주,2004101,2026-06-01 05:00:00,1.534,143.07,0.0,39.408,21.8,1.534
영주,2004101,2026-06-01 06:00:00,1.532,143.07,0.0,39.408,21.8,1.532
영주,2004101,2026-06-01 07:00:00,1.531,143.07,0.0,39.408,21.8,1.531
영주,2004101,2026-06-01 08:00:00,1.532,143.07,0.0,39.408,21.8,1.532
영주,2004101,2026-06-01 09:00:00,1.532,143.07,0.0,39.408,21.8,1.532
영주,2004101,2026-06-01 10:00:00,1.531,143.07,0.0,39.408,21.8,1.531
영주,2004101,2026-06-01 11:00:00,1.533,143.07,0.0,39.408,21.8,1.533
영주,2004101,2026-06-01 12:00:00,0.475,143.07,0.0,39.405,21.8,1.531
영주,2004101,2026-06-01 13:00:00,0.141,143.07,0.0,39.4,21.8,1.53
영주,2004101,2026-06-01 14:00:00,1.863,143.07,0.0,39.401,21.8,1.53
영주,2004101,2026-06-01 15:00:00,0.148,143.07,0.0,39.396,21.8,1.537
영주,2004101,2026-06-01 16:00:00,1.559,143.07,0.0,39.396,21.8,1.559
영주,2004101,2026-06-01 17:00:00,1.552,143.07,0.0,39.396,21.8,1.552
영주,2004101,2026-06-01 18:00:00,1.553,143.07,0.0,39.396,21.8,1.553
영주,2004101,2026-06-01 19:00:00,3.307,143.07,0.0,39.402,21.8,1.557
영주,2004101,2026-06-01 20:00:00,2.946,143.07,0.0,39.407,21.8,1.557
영주,2004101,2026-06-01 21:00:00,1.918,143.07,0.0,39.408,21.8,1.557
영주,2004101,2026-06-01 22:00:00,0.0,143.07,0.0,39.397,21.8,1.557
영주,2004101,2026-06-01 23:00:00,2.278,143.07,0.0,39.4,21.8,1.556
영주,2004101,2026-06-02 00:00:00,2.251,143.07,0.0,39.402,21.8,1.557
영주,2004101,2026-06-02 01:00:00,0.139,143.07,0.0,39.397,21.8,1.556
영주,2004101,2026-06-02 02:00:00,2.613,143.07,0.0,39.401,21.8,1.557
영주,2004101,2026-06-02 03:00:00,2.977,143.07,0.0,39.406,21.8,1.56
영주,2004101,2026-06-02 04:00:00,0.0,143.07,0.0,39.397,21.8,1.557
영주,2004101,2026-06-02 05:00:00,4.721,143.07,0.0,39.408,21.8,1.554
영주,2004101,2026-06-02 06:00:00,0.0,143.06,0.0,39.364,21.7,1.56
영주,2004101,2026-06-02 07:00:00,1.194,143.06,0.0,39.363,21.7,1.555
영주,2004101,2026-06-02 08:00:00,1.222,143.06,0.0,39.362,21.7,1.555
영주,2004101,2026-06-02 09:00:00,2.25,143.06,0.0,39.364,21.7,1.556
영주,2004101,2026-06-02 10:00:00,1.557,143.06,0.0,39.364,21.7,1.557
영주,2004101,2026-06-02 11:00:00,0.0,143.06,0.0,39.358,21.7,1.557
영주,2004101,2026-06-02 12:00:00,2.249,143.06,0.0,39.361,21.7,1.555
영주,2004101,2026-06-02 13:00:00,0.0,143.06,0.0,39.352,21.7,1.558
영주,2004101,2026-06-02 14:00:00,1.555,143.06,0.0,39.352,21.7,1.555
영주,2004101,2026-06-02 15:00:00,1.889,143.06,0.0,39.353,21.7,1.556
영주,2004101,2026-06-02 16:00:00,1.223,143.06,0.0,39.352,21.7,1.556
군위,2008101,2026-05-30 16:00:00,0.649,189.92,0.0,17.715,36.4,1.093
군위,2008101,2026-05-30 17:00:00,0.645,189.92,0.0,17.714,36.4,1.089
군위,2008101,2026-05-30 18:00:00,0.869,189.92,0.0,17.713,36.4,1.091
군위,2008101,2026-05-30 19:00:00,1.093,189.92,0.0,17.713,36.4,1.093
군위,2008101,2026-05-30 20:00:00,0.0,189.92,0.0,17.708,36.4,1.091
군위,2008101,2026-05-30 21:00:00,1.092,189.92,0.0,17.708,36.4,1.092
군위,2008101,2026-05-30 22:00:00,0.0,189.92,0.0,17.702,36.4,1.093
군위,2008101,2026-05-30 23:00:00,1.091,189.92,0.0,17.702,36.4,1.091
군위,2008101,2026-05-31 00:00:00,0.0,189.91,0.0,17.697,36.3,1.09
군위,2008101,2026-05-31 01:00:00,0.0,189.91,0.0,17.691,36.3,1.089
군위,2008101,2026-05-31 02:00:00,1.091,189.91,0.0,17.691,36.3,1.091
군위,2008101,2026-05-31 03:00:00,0.0,189.9,0.0,17.684,36.3,1.093
군위,2008101,2026-05-31 04:00:00,0.427,189.9,0.0,17.682,36.3,1.094
군위,2008101,2026-05-31 05:00:00,0.455,189.9,0.0,17.68,36.3,1.094
군위,2008101,2026-05-31 06:00:00,0.203,189.9,0.0,17.677,36.3,1.092
군위,2008101,2026-05-31 07:00:00,0.0,189.9,0.0,17.671,36.3,1.093
군위,2008101,2026-05-31 08:00:00,0.007,189.89,0.0,17.667,36.3,1.09
군위,2008101,2026-05-31 09:00:00,0.648,189.89,0.0,17.665,36.3,1.092
군위,2008101,2026-05-31 10:00:00,0.0,189.89,0.0,17.661,36.3,1.092
군위,2008101,2026-05-31 11:00:00,0.0,189.89,0.0,17.656,36.3,1.091
군위,2008101,2026-05-31 12:00:00,0.0,189.88,0.0,17.65,36.2,1.092
군위,2008101,2026-05-31 13:00:00,0.0,189.88,0.0,17.643,36.2,1.092
군위,2008101,2026-05-31 14:00:00,1.089,189.88,0.0,17.643,36.2,1.089
군위,2008101,2026-05-31 15:00:00,0.0,189.88,0.0,17.639,36.2,1.091
군위,2008101,2026-05-31 16:00:00,0.649,189.87,0.0,17.637,36.2,1.093
군위,2008101,2026-05-31 17:00:00,0.201,189.87,0.0,17.634,36.2,1.09
군위,2008101,2026-05-31 18:00:00,0.0,189.87,0.0,17.629,36.2,1.09
군위,2008101,2026-05-31 19:00:00,1.089,189.87,0.0,17.629,36.2,1.089
군위,2008101,2026-05-31 20:00:00,0.0,189.87,0.0,17.623,36.2,1.089
군위,2008101,2026-05-31 21:00:00,0.645,189.86,0.0,17.621,36.2,1.089
군위,2008101,2026-05-31 22:00:00,0.0,189.86,0.0,17.615,36.2,1.087
군위,2008101,2026-05-31 23:00:00,0.67,189.86,0.0,17.613,36.2,1.087
군위,2008101,2026-06-01 00:00:00,0.0,189.86,0.0,17.608,36.2,1.089
군위,2008101,2026-06-01 01:00:00,0.644,189.86,0.0,17.607,36.2,1.088
군위,2008101,2026-06-01 02:00:00,0.227,189.85,0.0,17.604,36.2,1.088
군위,2008101,2026-06-01 03:00:00,0.0,189.85,0.0,17.599,36.1,1.09
군위,2008101,2026-06-01 04:00:00,0.0,189.85,0.0,17.594,36.1,1.088
군위,2008101,2026-06-01 05:00:00,0.0,189.84,0.0,17.589,36.1,1.09
군위,2008101,2026-06-01 06:00:00,1.091,189.84,0.0,17.589,36.1,1.091
군위,2008101,2026-06-01 07:00:00,0.0,189.84,0.0,17.585,36.1,1.089
군위,2008101,2026-06-01 08:00:00,0.0,189.84,0.0,17.58,36.1,1.091
군위,2008101,2026-06-01 09:00:00,0.0,189.84,0.0,17.575,36.1,1.091
군위,2008101,2026-06-01 10:00:00,0.453,189.83,0.0,17.573,36.1,1.092
군위,2008101,2026-06-01 11:00:00,0.425,189.83,0.0,17.571,36.1,1.092
군위,2008101,2026-06-01 12:00:00,0.0,189.82,0.0,17.558,36.1,1.091
군위,2008101,2026-06-01 13:00:00,0.645,189.82,0.0,17.556,36.1,1.089
군위,2008101,2026-06-01 14:00:00,0.646,189.82,0.0,17.555,36.1,1.09
군위,2008101,2026-06-01 15:00:00,0.647,189.82,0.0,17.553,36.0,1.091
군위,2008101,2026-06-01 16:00:00,0.0,189.82,0.0,17.548,36.0,1.09
군위,2008101,2026-06-01 17:00:00,0.0,189.82,0.0,17.544,36.0,1.089
군위,2008101,2026-06-01 18:00:00,1.089,189.82,0.0,17.544,36.0,1.089
군위,2008101,2026-06-01 19:00:00,0.0,189.81,0.0,17.539,36.0,1.089
군위,2008101,2026-06-01 20:00:00,0.645,189.81,0.0,17.537,36.0,1.089
군위,2008101,2026-06-01 21:00:00,0.0,189.81,0.0,17.533,36.0,1.088
군위,2008101,2026-06-01 22:00:00,0.228,189.81,0.0,17.53,36.0,1.089
군위,2008101,2026-06-01 23:00:00,0.198,189.8,0.0,17.526,36.0,1.087
군위,2008101,2026-06-02 00:00:00,0.643,189.8,0.0,17.525,36.0,1.087
군위,2008101,2026-06-02 01:00:00,0.0,189.8,0.0,17.519,36.0,1.089
군위,2008101,2026-06-02 02:00:00,0.865,189.8,0.0,17.518,36.0,1.087
군위,2008101,2026-06-02 03:00:00,0.0,189.8,0.0,17.512,36.0,1.086
군위,2008101,2026-06-02 04:00:00,0.0,189.79,0.0,17.504,35.9,1.085
군위,2008101,2026-06-02 05:00:00,0.224,189.79,0.0,17.501,35.9,1.085
군위,2008101,2026-06-02 06:00:00,1.088,189.79,0.0,17.501,35.9,1.088
군위,2008101,2026-06-02 07:00:00,0.0,189.78,0.0,17.495,35.9,1.088
군위,2008101,2026-06-02 08:00:00,0.0,189.78,0.0,17.491,35.9,1.086
군위,2008101,2026-06-02 09:00:00,0.448,189.78,0.0,17.489,35.9,1.087
군위,2008101,2026-06-02 10:00:00,0.0,189.78,0.0,17.484,35.9,1.085
군위,2008101,2026-06-02 11:00:00,0.0,189.77,0.0,17.478,35.9,1.084
군위,2008101,2026-06-02 12:00:00,0.866,189.77,0.0,17.477,35.9,1.088
군위,2008101,2026-06-02 13:00:00,1.088,189.77,0.0,17.477,35.9,1.088
군위,2008101,2026-06-02 14:00:00,0.0,189.77,0.0,17.47,35.9,1.088
군위,2008101,2026-06-02 15:00:00,0.867,189.77,0.0,17.469,35.9,1.089
군위,2008101,2026-06-02 16:00:00,0.0,189.76,0.0,17.462,35.9,1.088
보현산,2012101,2026-05-30 16:00:00,0.469,219.9,0.0,5.35,24.2,0.469
보현산,2012101,2026-05-30 17:00:00,0.0,219.89,0.0,5.345,24.2,0.469
보현산,2012101,2026-05-30 18:00:00,0.469,219.89,0.0,5.345,24.2,0.469
보현산,2012101,2026-05-30 19:00:00,0.469,219.89,0.0,5.345,24.2,0.469
보현산,2012101,2026-05-30 20:00:00,0.469,219.89,0.0,5.345,24.2,0.469
보현산,2012101,2026-05-30 21:00:00,0.47,219.89,0.0,5.345,24.2,0.47
보현산,2012101,2026-05-30 22:00:00,0.0,219.89,0.0,5.342,24.2,0.47
보현산,2012101,2026-05-30 23:00:00,0.0,219.88,0.0,5.339,24.2,0.47
보현산,2012101,2026-05-31 00:00:00,0.47,219.88,0.0,5.339,24.2,0.47
보현산,2012101,2026-05-31 01:00:00,0.47,219.88,0.0,5.339,24.2,0.47
보현산,2012101,2026-05-31 02:00:00,0.0,219.87,0.0,5.335,24.1,0.471
보현산,2012101,2026-05-31 03:00:00,0.165,219.87,0.0,5.334,24.1,0.471
보현산,2012101,2026-05-31 04:00:00,0.471,219.87,0.0,5.334,24.1,0.471
보현산,2012101,2026-05-31 05:00:00,0.471,219.87,0.0,5.334,24.1,0.471
보현산,2012101,2026-05-31 06:00:00,0.0,219.86,0.0,5.328,24.1,0.471
보현산,2012101,2026-05-31 07:00:00,0.471,219.86,0.0,5.328,24.1,0.471
보현산,2012101,2026-05-31 08:00:00,0.471,219.86,0.0,5.328,24.1,0.471
보현산,2012101,2026-05-31 09:00:00,0.0,219.85,0.0,5.323,24.1,0.471
보현산,2012101,2026-05-31 10:00:00,0.471,219.85,0.0,5.323,24.1,0.471
보현산,2012101,2026-05-31 11:00:00,0.469,219.85,0.0,5.323,24.1,0.469
보현산,2012101,2026-05-31 12:00:00,0.0,219.85,0.0,5.321,24.1,0.469
보현산,2012101,2026-05-31 13:00:00,0.0,219.84,0.0,5.318,24.1,0.469
보현산,2012101,2026-05-31 14:00:00,0.469,219.84,0.0,5.318,24.1,0.469
보현산,2012101,2026-05-31 15:00:00,0.464,219.84,0.0,5.318,24.1,0.464
보현산,2012101,2026-05-31 16:00:00,0.0,219.83,0.0,5.312,24.0,0.468
보현산,2012101,2026-05-31 17:00:00,0.468,219.83,0.0,5.312,24.0,0.468
보현산,2012101,2026-05-31 18:00:00,0.468,219.83,0.0,5.312,24.0,0.468
보현산,2012101,2026-05-31 19:00:00,0.468,219.83,0.0,5.312,24.0,0.468
보현산,2012101,2026-05-31 20:00:00,0.0,219.82,0.0,5.308,24.0,0.468
보현산,2012101,2026-05-31 21:00:00,0.024,219.82,0.0,5.307,24.0,0.468
보현산,2012101,2026-05-31 22:00:00,0.468,219.82,0.0,5.307,24.0,0.468
보현산,2012101,2026-05-31 23:00:00,0.468,219.82,0.0,5.307,24.0,0.468
보현산,2012101,2026-06-01 00:00:00,0.0,219.81,0.0,5.301,24.0,0.468
보현산,2012101,2026-06-01 01:00:00,0.468,219.81,0.0,5.301,24.0,0.468
보현산,2012101,2026-06-01 02:00:00,0.468,219.81,0.0,5.301,24.0,0.468
보현산,2012101,2026-06-01 03:00:00,0.468,219.81,0.0,5.301,24.0,0.468
보현산,2012101,2026-06-01 04:00:00,0.0,219.8,0.0,5.296,24.0,0.468
보현산,2012101,2026-06-01 05:00:00,0.468,219.8,0.0,5.296,24.0,0.468
보현산,2012101,2026-06-01 06:00:00,0.468,219.8,0.0,5.296,24.0,0.468
보현산,2012101,2026-06-01 07:00:00,0.303,219.8,0.0,5.295,24.0,0.47
보현산,2012101,2026-06-01 08:00:00,0.0,219.79,0.0,5.29,23.9,0.469
보현산,2012101,2026-06-01 09:00:00,0.468,219.79,0.0,5.29,23.9,0.468
보현산,2012101,2026-06-01 10:00:00,0.456,219.79,0.0,5.29,23.9,0.456
보현산,2012101,2026-06-01 11:00:00,0.0,219.78,0.0,5.285,23.9,0.448
보현산,2012101,2026-06-01 12:00:00,0.448,219.78,0.0,5.285,23.9,0.448
보현산,2012101,2026-06-01 13:00:00,0.0,219.77,0.0,5.279,23.9,0.447
보현산,2012101,2026-06-01 14:00:00,0.448,219.77,0.0,5.279,23.9,0.448
보현산,2012101,2026-06-01 15:00:00,0.447,219.77,0.0,5.279,23.9,0.447
보현산,2012101,2026-06-01 16:00:00,0.448,219.77,0.0,5.279,23.9,0.448
보현산,2012101,2026-06-01 17:00:00,0.447,219.77,0.0,5.279,23.9,0.447
보현산,2012101,2026-06-01 18:00:00,0.308,219.77,0.0,5.279,23.9,0.447
보현산,2012101,2026-06-01 19:00:00,0.0,219.76,0.0,5.274,23.9,0.447
보현산,2012101,2026-06-01 20:00:00,0.447,219.76,0.0,5.274,23.9,0.447
보현산,2012101,2026-06-01 21:00:00,0.447,219.76,0.0,5.274,23.9,0.447
보현산,2012101,2026-06-01 22:00:00,0.0,219.76,0.0,5.272,23.9,0.447
보현산,2012101,2026-06-01 23:00:00,0.0,219.75,0.0,5.268,23.8,0.447
보현산,2012101,2026-06-02 00:00:00,0.447,219.75,0.0,5.268,23.8,0.447
보현산,2012101,2026-06-02 01:00:00,0.447,219.75,0.0,5.268,23.8,0.447
보현산,2012101,2026-06-02 02:00:00,0.447,219.75,0.0,5.268,23.8,0.447
보현산,2012101,2026-06-02 03:00:00,0.0,219.74,0.0,5.263,23.8,0.448
보현산,2012101,2026-06-02 04:00:00,0.456,219.74,0.0,5.263,23.8,0.456
보현산,2012101,2026-06-02 05:00:00,0.0,219.73,0.0,5.258,23.8,0.471
보현산,2012101,2026-06-02 06:00:00,0.471,219.73,0.0,5.258,23.8,0.471
보현산,2012101,2026-06-02 07:00:00,0.479,219.73,0.0,5.258,23.8,0.479
보현산,2012101,2026-06-02 08:00:00,0.479,219.73,0.0,5.258,23.8,0.479
보현산,2012101,2026-06-02 09:00:00,0.0,219.72,0.0,5.252,23.8,0.458
보현산,2012101,2026-06-02 10:00:00,0.446,219.72,0.0,5.252,23.8,0.446
보현산,2012101,2026-06-02 11:00:00,0.444,219.72,0.0,5.252,23.8,0.444
보현산,2012101,2026-06-02 12:00:00,0.443,219.72,1.0,5.252,23.8,0.443
보현산,2012101,2026-06-02 13:00:00,0.443,219.72,0.0,5.252,23.8,0.443
보현산,2012101,2026-06-02 14:00:00,0.0,219.71,0.0,5.247,23.7,0.443
보현산,2012101,2026-06-02 15:00:00,0.442,219.71,0.6,5.247,23.7,0.442
보현산,2012101,2026-06-02 16:00:00,0.443,219.71,0.0,5.247,23.7,0.443
합천,2015110,2026-05-30 16:00:00,4.722,161.31,0.0,421.421,53.3,0.0
합천,2015110,2026-05-30 17:00:00,12.797,161.3,0.0,421.297,53.3,47.214
합천,2015110,2026-05-30 18:00:00,5.612,161.3,0.0,421.144,53.3,48.001
합천,2015110,2026-05-30 19:00:00,11.015,161.29,0.0,421.012,53.3,47.765
합천,2015110,2026-05-30 20:00:00,2.808,161.28,0.0,420.854,53.3,46.614
합천,2015110,2026-05-30 21:00:00,1.058,161.27,0.0,420.776,53.3,22.725
합천,2015110,2026-05-30 22:00:00,6.111,161.28,0.0,420.798,53.3,0.0
합천,2015110,2026-05-30 23:00:00,1.889,161.28,0.0,420.805,53.3,0.0
합천,2015110,2026-05-31 00:00:00,3.778,161.28,0.0,420.818,53.3,0.0
합천,2015110,2026-05-31 01:00:00,9.258,161.27,0.0,420.681,53.3,47.425
합천,2015110,2026-05-31 02:00:00,12.606,161.26,0.0,420.557,53.2,46.967
합천,2015110,2026-05-31 03:00:00,0.0,161.25,0.0,420.39,53.2,43.722
합천,2015110,2026-05-31 04:00:00,4.074,161.24,0.0,420.249,53.2,43.13
합천,2015110,2026-05-31 05:00:00,3.395,161.23,0.0,420.098,53.2,45.284
합천,2015110,2026-05-31 06:00:00,2.984,161.22,0.0,419.939,53.2,47.178
합천,2015110,2026-05-31 07:00:00,3.626,161.22,0.0,419.78,53.1,47.848
합천,2015110,2026-05-31 08:00:00,1.954,161.21,0.0,419.622,53.1,45.676
합천,2015110,2026-05-31 09:00:00,0.472,161.21,0.0,419.624,53.1,0.0
합천,2015110,2026-05-31 10:00:00,0.0,161.21,0.0,419.624,53.1,0.0
합천,2015110,2026-05-31 11:00:00,4.694,161.21,0.0,419.641,53.1,0.0
합천,2015110,2026-05-31 12:00:00,0.0,161.21,0.0,419.641,53.1,0.0
합천,2015110,2026-05-31 13:00:00,4.694,161.21,0.0,419.658,53.1,0.0
합천,2015110,2026-05-31 14:00:00,4.222,161.21,0.0,419.673,53.1,0.0
합천,2015110,2026-05-31 15:00:00,2.361,161.21,0.0,419.682,53.1,0.0
합천,2015110,2026-05-31 16:00:00,13.884,161.2,0.0,419.597,53.1,37.384
합천,2015110,2026-05-31 17:00:00,6.269,161.2,0.0,419.45,53.1,47.186
합천,2015110,2026-05-31 18:00:00,0.0,161.19,0.0,419.282,53.1,46.077
합천,2015110,2026-05-31 19:00:00,6.45,161.18,0.0,419.147,53.1,44.033
합천,2015110,2026-05-31 20:00:00,4.013,161.17,0.0,419.005,53.0,43.485
합천,2015110,2026-05-31 21:00:00,3.454,161.16,0.0,418.856,53.0,44.787
합천,2015110,2026-05-31 22:00:00,2.62,161.15,0.0,418.709,53.0,43.453
합천,2015110,2026-05-31 23:00:00,0.0,161.15,0.0,418.704,53.0,0.0
합천,2015110,2026-06-01 00:00:00,1.861,161.15,0.0,418.711,53.0,0.0
합천,2015110,2026-06-01 01:00:00,4.694,161.15,0.0,418.728,53.0,0.0
합천,2015110,2026-06-01 02:00:00,9.118,161.15,0.0,418.682,53.0,21.785
합천,2015110,2026-06-01 03:00:00,6.018,161.14,0.0,418.538,53.0,45.935
합천,2015110,2026-06-01 04:00:00,3.816,161.13,0.0,418.393,53.0,44.177
합천,2015110,2026-06-01 05:00:00,0.67,161.12,0.0,418.231,52.9,45.726
합천,2015110,2026-06-01 06:00:00,2.22,161.11,0.0,418.075,52.9,45.387
합천,2015110,2026-06-01 07:00:00,0.0,161.1,0.0,417.907,52.9,46.81
합천,2015110,2026-06-01 08:00:00,5.795,161.1,0.0,417.758,52.9,47.073
합천,2015110,2026-06-01 09:00:00,5.304,161.09,0.0,417.606,52.9,47.498
합천,2015110,2026-06-01 10:00:00,1.114,161.08,0.0,417.442,52.8,46.586
합천,2015110,2026-06-01 11:00:00,2.018,161.07,0.0,417.274,52.8,48.879
합천,2015110,2026-06-01 12:00:00,0.0,161.07,0.0,417.248,52.8,4.589
합천,2015110,2026-06-01 13:00:00,0.0,161.07,0.0,417.248,52.8,0.0
합천,2015110,2026-06-01 14:00:00,1.861,161.07,0.0,417.255,52.8,0.0
합천,2015110,2026-06-01 15:00:00,5.167,161.07,0.0,417.274,52.8,0.0
합천,2015110,2026-06-01 16:00:00,7.624,161.06,0.0,417.211,52.8,24.957
합천,2015110,2026-06-01 17:00:00,1.47,161.05,0.0,417.034,52.8,50.664
합천,2015110,2026-06-01 18:00:00,0.0,161.04,0.0,416.839,52.8,51.03
합천,2015110,2026-06-01 19:00:00,8.978,161.03,0.0,416.683,52.7,52.061
합천,2015110,2026-06-01 20:00:00,0.0,161.02,0.0,416.496,52.7,51.505
합천,2015110,2026-06-01 21:00:00,1.012,161.01,0.0,416.314,52.7,51.568
합천,2015110,2026-06-01 22:00:00,0.0,161.01,0.0,416.242,52.7,16.054
합천,2015110,2026-06-01 23:00:00,11.222,161.01,0.0,416.282,52.7,0.0
합천,2015110,2026-06-02 00:00:00,8.444,161.01,0.0,416.313,52.7,0.0
합천,2015110,2026-06-02 01:00:00,5.331,161.01,0.0,416.331,52.7,0.192
합천,2015110,2026-06-02 02:00:00,8.323,161.0,0.0,416.2,52.7,44.823
합천,2015110,2026-06-02 03:00:00,7.529,161.0,0.0,416.067,52.7,44.501
합천,2015110,2026-06-02 04:00:00,2.851,160.99,0.0,415.917,52.7,44.462
합천,2015110,2026-06-02 05:00:00,6.727,160.98,0.0,415.786,52.6,43.199
합천,2015110,2026-06-02 06:00:00,6.238,160.97,0.0,415.643,52.6,45.988
합천,2015110,2026-06-02 07:00:00,8.043,160.96,0.0,415.496,52.6,48.71
합천,2015110,2026-06-02 08:00:00,8.236,160.95,0.0,415.34,52.6,51.708
합천,2015110,2026-06-02 09:00:00,17.526,160.94,0.7,415.213,52.6,52.582
합천,2015110,2026-06-02 10:00:00,3.23,160.95,0.0,415.224,52.6,0.424
합천,2015110,2026-06-02 11:00:00,12.167,160.95,0.6,415.267,52.6,0.0
합천,2015110,2026-06-02 12:00:00,9.333,160.95,1.1,415.301,52.6,0.0
합천,2015110,2026-06-02 13:00:00,8.977,160.95,0.4,415.331,52.6,0.56
합천,2015110,2026-06-02 14:00:00,24.612,160.95,1.5,415.259,52.6,44.695
합천,2015110,2026-06-02 15:00:00,17.93,160.94,1.0,415.173,52.6,41.763
합천,2015110,2026-06-02 16:00:00,5.895,160.93,0.0,415.044,52.5,41.867
남강,2018110,2026-05-30 16:00:00,17.262,38.71,0.0,123.3,39.9,17.262
남강,2018110,2026-05-30 17:00:00,60.014,38.71,0.0,123.355,39.9,44.903
남강,2018110,2026-05-30 18:00:00,36.757,38.71,0.0,123.325,39.9,45.007
남강,2018110,2026-05-30 19:00:00,45.064,38.71,0.0,123.325,39.9,45.064
남강,2018110,2026-05-30 20:00:00,51.93,38.71,0.0,123.35,39.9,45.069
남강,2018110,2026-05-30 21:00:00,24.26,38.71,0.0,123.276,39.9,44.843
남강,2018110,2026-05-30 22:00:00,51.701,38.71,0.0,123.3,39.9,44.84
남강,2018110,2026-05-30 23:00:00,31.031,38.71,0.0,123.251,39.9,44.753
남강,2018110,2026-05-31 00:00:00,30.148,38.7,0.0,123.202,39.9,43.87
남강,2018110,2026-05-31 01:00:00,18.427,38.7,0.0,123.127,39.8,39.038
남강,2018110,2026-05-31 02:00:00,45.997,38.7,0.0,123.152,39.8,39.136
남강,2018110,2026-05-31 03:00:00,25.505,38.7,0.0,123.103,39.8,39.227
남강,2018110,2026-05-31 04:00:00,38.634,38.7,0.0,123.1,39.8,39.301
남강,2018110,2026-05-31 05:00:00,33.1,38.7,0.0,123.078,39.8,39.294
남강,2018110,2026-05-31 06:00:00,25.589,38.7,0.0,123.029,39.8,39.283
남강,2018110,2026-05-31 07:00:00,25.45,38.7,0.0,122.979,39.8,39.172
남강,2018110,2026-05-31 08:00:00,32.78,38.69,0.0,122.955,39.8,39.641
남강,2018110,2026-05-31 09:00:00,39.711,38.69,0.0,122.955,39.8,39.711
남강,2018110,2026-05-31 10:00:00,25.983,38.69,0.0,122.905,39.8,39.705
남강,2018110,2026-05-31 11:00:00,12.337,38.69,0.0,122.806,39.7,39.754
남강,2018110,2026-05-31 12:00:00,39.133,38.69,0.0,122.806,39.7,39.133
남강,2018110,2026-05-31 13:00:00,11.406,38.69,0.0,122.831,39.7,4.573
남강,2018110,2026-05-31 14:00:00,38.889,38.69,0.0,122.955,39.8,4.583
남강,2018110,2026-05-31 15:00:00,29.328,38.7,0.0,123.043,39.8,4.634
남강,2018110,2026-05-31 16:00:00,21.079,38.7,0.0,123.103,39.8,4.635
남강,2018110,2026-05-31 17:00:00,11.489,38.7,0.0,123.127,39.8,4.628
남강,2018110,2026-05-31 18:00:00,52.691,38.71,0.0,123.3,39.9,4.635
남강,2018110,2026-05-31 19:00:00,25.228,38.71,0.0,123.374,39.9,4.645
남강,2018110,2026-05-31 20:00:00,38.975,38.72,0.0,123.498,39.9,4.642
남강,2018110,2026-05-31 21:00:00,31.987,38.72,0.0,123.597,40.0,4.515
남강,2018110,2026-05-31 22:00:00,45.741,38.72,0.0,123.646,40.0,31.991
남강,2018110,2026-05-31 23:00:00,31.257,38.72,0.0,123.617,40.0,39.507
남강,2018110,2026-06-01 00:00:00,20.323,38.72,0.0,123.548,40.0,39.545
남강,2018110,2026-06-01 01:00:00,18.984,38.72,0.0,123.473,39.9,39.595
남강,2018110,2026-06-01 02:00:00,39.615,38.72,0.0,123.473,39.9,39.615
남강,2018110,2026-06-01 03:00:00,25.792,38.71,0.0,123.424,39.9,39.514
남강,2018110,2026-06-01 04:00:00,25.666,38.71,0.0,123.374,39.9,39.416
남강,2018110,2026-06-01 05:00:00,18.701,38.71,0.0,123.3,39.9,39.284
남강,2018110,2026-06-01 06:00:00,39.292,38.71,0.0,123.3,39.9,39.292
남강,2018110,2026-06-01 07:00:00,25.779,38.71,0.0,123.251,39.9,39.501
남강,2018110,2026-06-01 08:00:00,19.018,38.7,0.0,123.177,39.8,39.629
남강,2018110,2026-06-01 09:00:00,25.902,38.7,0.0,123.127,39.8,39.624
남강,2018110,2026-06-01 10:00:00,33.539,38.7,0.0,123.105,39.8,39.706
남강,2018110,2026-06-01 11:00:00,11.631,38.7,0.0,123.004,39.8,39.742
남강,2018110,2026-06-01 12:00:00,17.408,38.69,0.0,122.93,39.8,37.991
남강,2018110,2026-06-01 13:00:00,11.618,38.69,0.0,122.955,39.8,4.757
남강,2018110,2026-06-01 14:00:00,11.546,38.7,0.0,122.979,39.8,4.685
남강,2018110,2026-06-01 15:00:00,31.967,38.7,0.0,123.078,39.8,4.55
남강,2018110,2026-06-01 16:00:00,10.081,38.7,0.0,123.098,39.8,4.581
남강,2018110,2026-06-01 17:00:00,19.646,38.7,0.0,123.152,39.8,4.563
남강,2018110,2026-06-01 18:00:00,32.056,38.71,0.0,123.251,39.9,4.584
남강,2018110,2026-06-01 19:00:00,25.493,38.71,0.0,123.328,39.9,4.215
남강,2018110,2026-06-01 20:00:00,17.218,38.71,0.0,123.374,39.9,4.19
남강,2018110,2026-06-01 21:00:00,65.991,38.72,0.0,123.597,40.0,4.185
남강,2018110,2026-06-01 22:00:00,4.412,38.72,0.0,123.597,39.97,4.42
남강,2018110,2026-06-01 23:00:00,46.142,38.72,0.0,123.622,40.0,39.253
남강,2018110,2026-06-02 00:00:00,46.343,38.72,0.4,123.646,40.0,39.482
남강,2018110,2026-06-02 01:00:00,39.413,38.72,1.6,123.646,40.0,39.413
남강,2018110,2026-06-02 02:00:00,73.751,38.73,2.0,123.77,40.0,39.39
남강,2018110,2026-06-02 03:00:00,18.798,38.72,1.3,123.696,40.0,39.409
남강,2018110,2026-06-02 04:00:00,66.888,38.73,1.6,123.795,40.0,39.416
남강,2018110,2026-06-02 05:00:00,32.534,38.73,0.7,123.77,40.0,39.395
남강,2018110,2026-06-02 06:00:00,39.432,38.73,0.2,123.77,40.0,39.432
남강,2018110,2026-06-02 07:00:00,53.545,38.73,2.1,123.82,40.1,39.795
남강,2018110,2026-06-02 08:00:00,53.253,38.73,2.2,123.869,40.1,39.531
남강,2018110,2026-06-02 09:00:00,73.914,38.74,1.1,123.993,40.1,39.525
남강,2018110,2026-06-02 10:00:00,57.398,38.74,0.8,124.057,40.1,39.537
남강,2018110,2026-06-02 11:00:00,69.762,38.74,0.8,124.166,40.2,39.484
남강,2018110,2026-06-02 12:00:00,39.303,38.74,0.9,124.166,40.2,39.303
남강,2018110,2026-06-02 13:00:00,47.383,38.75,1.1,124.32,40.2,4.716
남강,2018110,2026-06-02 14:00:00,44.497,38.76,0.7,124.463,40.3,4.58
남강,2018110,2026-06-02 15:00:00,59.564,38.76,0.6,124.662,40.3,4.481
남강,2018110,2026-06-02 16:00:00,66.366,38.77,0.0,124.885,40.4,4.366
밀양,2021110,2026-05-30 16:00:00,0.0,185.39,0.0,32.669,44.4,2.506
밀양,2021110,2026-05-30 17:00:00,1.752,185.39,0.0,32.666,44.4,2.502
밀양,2021110,2026-05-30 18:00:00,1.501,185.38,0.0,32.662,44.4,2.501
밀양,2021110,2026-05-30 19:00:00,2.621,185.38,0.0,32.662,44.4,2.51
밀양,2021110,2026-05-30 20:00:00,2.679,185.38,0.0,32.662,44.4,2.54
밀양,2021110,2026-05-30 21:00:00,0.0,185.37,0.0,32.64,44.4,2.585
밀양,2021110,2026-05-30 22:00:00,4.304,185.37,0.0,32.646,44.4,2.582
밀양,2021110,2026-05-30 23:00:00,0.0,185.36,0.0,32.635,44.3,2.59
밀양,2021110,2026-05-31 00:00:00,3.688,185.37,0.0,32.639,44.4,2.577
밀양,2021110,2026-05-31 01:00:00,1.072,185.36,0.0,32.633,44.3,2.572
밀양,2021110,2026-05-31 02:00:00,0.0,185.34,0.0,32.611,44.3,2.57
밀양,2021110,2026-05-31 03:00:00,7.772,185.36,0.0,32.629,44.3,2.578
밀양,2021110,2026-05-31 04:00:00,0.934,185.35,0.0,32.624,44.3,2.462
밀양,2021110,2026-05-31 05:00:00,0.0,185.33,0.0,32.597,44.3,2.462
밀양,2021110,2026-05-31 06:00:00,1.836,185.33,0.0,32.594,44.3,2.53
밀양,2021110,2026-05-31 07:00:00,0.0,185.32,0.0,32.585,44.3,2.507
밀양,2021110,2026-05-31 08:00:00,7.641,185.34,0.0,32.603,44.3,2.474
밀양,2021110,2026-05-31 09:00:00,0.0,185.31,0.0,32.569,44.3,2.478
밀양,2021110,2026-05-31 10:00:00,0.601,185.31,0.0,32.563,44.2,2.49
밀양,2021110,2026-05-31 11:00:00,2.884,185.31,0.0,32.564,44.3,2.467
밀양,2021110,2026-05-31 12:00:00,0.534,185.3,0.0,32.559,44.2,2.117
밀양,2021110,2026-05-31 13:00:00,0.741,185.3,0.0,32.554,44.2,2.13
밀양,2021110,2026-05-31 14:00:00,6.143,185.31,0.0,32.568,44.3,2.143
밀양,2021110,2026-05-31 15:00:00,0.0,185.3,0.0,32.559,44.2,2.149
밀양,2021110,2026-05-31 16:00:00,0.403,185.3,0.0,32.551,44.2,2.542
밀양,2021110,2026-05-31 17:00:00,1.231,185.29,0.0,32.546,44.2,2.564
밀양,2021110,2026-05-31 18:00:00,2.255,185.29,0.0,32.544,44.2,2.561
밀양,2021110,2026-05-31 19:00:00,0.0,185.28,0.0,32.529,44.2,2.562
밀양,2021110,2026-05-31 20:00:00,0.0,185.27,0.0,32.513,44.2,2.552
밀양,2021110,2026-05-31 21:00:00,7.176,185.28,0.0,32.53,44.2,2.565
밀양,2021110,2026-05-31 22:00:00,0.0,185.27,0.0,32.516,44.2,2.636
밀양,2021110,2026-05-31 23:00:00,0.0,185.25,0.0,32.492,44.2,2.63
밀양,2021110,2026-06-01 00:00:00,4.674,185.26,0.0,32.499,44.2,2.618
밀양,2021110,2026-06-01 01:00:00,0.0,185.25,0.0,32.488,44.1,2.629
밀양,2021110,2026-06-01 02:00:00,0.802,185.25,0.0,32.482,44.1,2.635
밀양,2021110,2026-06-01 03:00:00,0.0,185.24,0.0,32.471,44.1,2.634
밀양,2021110,2026-06-01 04:00:00,2.572,185.24,0.0,32.471,44.1,2.6
밀양,2021110,2026-06-01 05:00:00,0.0,185.23,0.0,32.461,44.1,2.584
밀양,2021110,2026-06-01 06:00:00,0.0,185.22,0.0,32.448,44.1,2.557
밀양,2021110,2026-06-01 07:00:00,6.359,185.23,0.0,32.462,44.1,2.526
밀양,2021110,2026-06-01 08:00:00,0.0,185.21,0.0,32.431,44.1,2.526
밀양,2021110,2026-06-01 09:00:00,0.6,185.2,0.0,32.425,44.1,2.517
밀양,2021110,2026-06-01 10:00:00,1.469,185.2,0.0,32.421,44.1,2.525
밀양,2021110,2026-06-01 11:00:00,2.162,185.2,0.0,32.418,44.1,2.829
밀양,2021110,2026-06-01 12:00:00,1.397,185.19,0.0,32.413,44.0,2.953
밀양,2021110,2026-06-01 13:00:00,0.0,185.18,0.0,32.397,44.0,2.956
밀양,2021110,2026-06-01 14:00:00,4.688,185.19,0.0,32.404,44.0,2.938
밀양,2021110,2026-06-01 15:00:00,0.006,185.18,0.0,32.393,44.0,2.923
밀양,2021110,2026-06-01 16:00:00,0.0,185.16,0.0,32.369,44.0,2.913
밀양,2021110,2026-06-01 17:00:00,4.403,185.16,0.0,32.374,44.0,2.903
밀양,2021110,2026-06-01 18:00:00,3.738,185.16,0.0,32.377,44.0,2.905
밀양,2021110,2026-06-01 19:00:00,0.741,185.16,0.0,32.369,44.0,2.908
밀양,2021110,2026-06-01 20:00:00,1.15,185.15,0.0,32.362,44.0,2.9
밀양,2021110,2026-06-01 21:00:00,0.0,185.15,0.0,32.352,44.0,2.867
밀양,2021110,2026-06-01 22:00:00,0.0,185.13,0.0,32.332,43.9,2.872
밀양,2021110,2026-06-01 23:00:00,5.321,185.14,0.0,32.341,43.9,2.904
밀양,2021110,2026-06-02 00:00:00,0.0,185.11,0.0,32.31,43.9,2.91
밀양,2021110,2026-06-02 01:00:00,7.076,185.12,0.0,32.325,43.9,2.909
밀양,2021110,2026-06-02 02:00:00,1.086,185.12,0.0,32.318,43.9,2.892
밀양,2021110,2026-06-02 03:00:00,0.0,185.09,0.0,32.28,43.9,2.901
밀양,2021110,2026-06-02 04:00:00,1.066,185.09,0.0,32.274,43.9,2.899
밀양,2021110,2026-06-02 05:00:00,6.972,185.1,0.0,32.288,43.9,2.916
밀양,2021110,2026-06-02 06:00:00,0.0,185.07,1.2,32.258,43.8,2.926
밀양,2021110,2026-06-02 07:00:00,7.932,185.09,1.4,32.276,43.9,2.96
밀양,2021110,2026-06-02 08:00:00,0.373,185.08,1.4,32.267,43.8,2.901
밀양,2021110,2026-06-02 09:00:00,0.0,185.06,1.0,32.244,43.8,2.88
밀양,2021110,2026-06-02 10:00:00,5.277,185.07,1.4,32.253,43.8,2.888
밀양,2021110,2026-06-02 11:00:00,0.0,185.05,1.4,32.228,43.8,2.885
밀양,2021110,2026-06-02 12:00:00,1.443,185.05,1.4,32.223,43.8,2.887
밀양,2021110,2026-06-02 13:00:00,6.083,185.06,1.4,32.235,43.8,2.916
밀양,2021110,2026-06-02 14:00:00,0.0,185.04,1.0,32.212,43.8,2.918
밀양,2021110,2026-06-02 15:00:00,6.887,185.05,1.0,32.226,43.8,2.915
밀양,2021110,2026-06-02 16:00:00,0.0,185.03,0.0,32.196,43.8,2.917
용담,3001110,2026-05-30 16:00:00,0.0,250.44,0.0,395.172,48.5,28.571
용담,3001110,2026-05-30 17:00:00,15.96,250.43,0.0,395.126,48.5,28.571
용담,3001110,2026-05-30 18:00:00,3.361,250.43,0.0,395.036,48.5,28.555
용담,3001110,2026-05-30 19:00:00,5.255,250.43,0.0,394.952,48.5,28.561
용담,3001110,2026-05-30 20:00:00,7.738,250.42,0.0,394.877,48.5,28.544
용담,3001110,2026-05-30 21:00:00,15.974,250.42,0.0,394.832,48.5,28.557
용담,3001110,2026-05-30 22:00:00,11.538,250.42,0.0,394.77,48.4,28.566
용담,3001110,2026-05-30 23:00:00,9.67,250.42,0.0,394.702,48.4,28.559
용담,3001110,2026-05-31 00:00:00,0.0,250.41,0.0,394.582,48.4,28.562
용담,3001110,2026-05-31 01:00:00,8.299,250.41,0.0,394.512,48.4,27.799
용담,3001110,2026-05-31 02:00:00,5.144,250.4,0.0,394.43,48.4,27.811
용담,3001110,2026-05-31 03:00:00,1.351,250.4,0.0,394.335,48.4,27.795
용담,3001110,2026-05-31 04:00:00,2.621,250.4,0.0,394.245,48.4,27.788
용담,3001110,2026-05-31 05:00:00,2.604,250.39,0.0,394.154,48.4,27.798
용담,3001110,2026-05-31 06:00:00,15.221,250.39,0.0,394.109,48.4,27.804
용담,3001110,2026-05-31 07:00:00,0.0,250.38,0.0,393.977,48.3,27.802
용담,3001110,2026-05-31 08:00:00,7.678,250.38,0.0,393.905,48.3,27.817
용담,3001110,2026-05-31 09:00:00,10.2,250.38,0.0,393.841,48.3,27.811
용담,3001110,2026-05-31 10:00:00,0.0,250.37,0.0,393.728,48.3,27.8
용담,3001110,2026-05-31 11:00:00,7.616,250.37,0.0,393.656,48.3,27.755
용담,3001110,2026-05-31 12:00:00,0.0,250.37,0.0,393.547,48.3,26.767
용담,3001110,2026-05-31 13:00:00,1.45,250.36,0.0,393.456,48.3,26.617
용담,3001110,2026-05-31 14:00:00,12.204,250.36,0.0,393.404,48.3,26.648
용담,3001110,2026-05-31 15:00:00,0.0,250.35,0.0,393.298,48.3,27.529
용담,3001110,2026-05-31 16:00:00,6.86,250.35,0.0,393.223,48.3,27.582
용담,3001110,2026-05-31 17:00:00,6.852,250.35,0.0,393.149,48.2,27.602
용담,3001110,2026-05-31 18:00:00,0.0,250.34,0.0,393.049,48.2,27.569
용담,3001110,2026-05-31 19:00:00,6.87,250.34,0.0,392.975,48.2,27.592
용담,3001110,2026-05-31 20:00:00,15.023,250.34,0.0,392.929,48.2,27.579
용담,3001110,2026-05-31 21:00:00,10.605,250.34,0.0,392.868,48.2,27.577
용담,3001110,2026-05-31 22:00:00,0.0,250.33,0.0,392.755,48.2,27.584
용담,3001110,2026-05-31 23:00:00,11.251,250.33,0.0,392.697,48.2,27.584
용담,3001110,2026-06-01 00:00:00,0.0,250.32,0.0,392.574,48.2,27.592
용담,3001110,2026-06-01 01:00:00,15.066,250.32,0.0,392.529,48.2,27.594
용담,3001110,2026-06-01 02:00:00,1.196,250.32,0.0,392.434,48.2,27.585
용담,3001110,2026-06-01 03:00:00,10.043,250.31,0.0,392.371,48.1,27.599
용담,3001110,2026-06-01 04:00:00,0.0,250.31,0.0,392.254,48.1,27.664
용담,3001110,2026-06-01 05:00:00,6.342,250.3,0.0,392.177,48.1,27.675
용담,3001110,2026-06-01 06:00:00,12.626,250.3,0.0,392.123,48.1,27.682
용담,3001110,2026-06-01 07:00:00,10.162,250.3,0.0,392.059,48.1,27.718
용담,3001110,2026-06-01 08:00:00,0.13,250.29,0.0,391.96,48.1,27.741
용담,3001110,2026-06-01 09:00:00,0.0,250.29,0.0,391.854,48.1,27.73
용담,3001110,2026-06-01 10:00:00,8.326,250.29,0.0,391.784,48.1,27.77
용담,3001110,2026-06-01 11:00:00,7.077,250.28,0.0,391.709,48.1,27.771
용담,3001110,2026-06-01 12:00:00,0.0,250.28,0.0,391.585,48.1,27.731
용담,3001110,2026-06-01 13:00:00,8.313,250.28,0.0,391.515,48.0,27.73
용담,3001110,2026-06-01 14:00:00,0.0,250.27,0.0,391.4,48.0,27.75
용담,3001110,2026-06-01 15:00:00,0.0,250.26,0.0,391.281,48.0,27.743
용담,3001110,2026-06-01 16:00:00,7.703,250.26,0.0,391.209,48.0,27.759
용담,3001110,2026-06-01 17:00:00,20.222,250.26,0.0,391.182,48.0,27.75
용담,3001110,2026-06-01 18:00:00,0.0,250.26,0.0,391.078,48.0,27.734
용담,3001110,2026-06-01 19:00:00,0.0,250.25,0.0,390.972,48.0,27.742
용담,3001110,2026-06-01 20:00:00,8.963,250.25,0.0,390.904,48.0,27.741
용담,3001110,2026-06-01 21:00:00,2.686,250.24,0.0,390.814,48.0,27.742
용담,3001110,2026-06-01 22:00:00,11.467,250.24,0.0,390.755,48.0,27.745
용담,3001110,2026-06-01 23:00:00,10.87,250.24,0.0,390.695,47.9,27.759
용담,3001110,2026-06-02 00:00:00,0.0,250.23,0.0,390.566,47.9,27.763
용담,3001110,2026-06-02 01:00:00,5.22,250.23,0.0,390.485,47.9,27.748
용담,3001110,2026-06-02 02:00:00,0.213,250.23,0.0,390.386,47.9,27.741
용담,3001110,2026-06-02 03:00:00,11.512,250.22,0.0,390.327,47.9,27.762
용담,3001110,2026-06-02 04:00:00,5.247,250.22,0.0,390.246,47.9,27.775
용담,3001110,2026-06-02 05:00:00,2.746,250.21,0.0,390.156,47.9,27.774
용담,3001110,2026-06-02 06:00:00,10.272,250.21,0.0,390.093,47.9,27.772
용담,3001110,2026-06-02 07:00:00,0.0,250.2,0.0,389.891,47.8,27.763
용담,3001110,2026-06-02 08:00:00,32.786,250.2,0.0,389.909,47.8,27.786
용담,3001110,2026-06-02 09:00:00,5.277,250.2,0.0,389.828,47.8,27.777
용담,3001110,2026-06-02 10:00:00,12.155,250.2,0.0,389.771,47.8,27.794
용담,3001110,2026-06-02 11:00:00,0.0,250.19,0.0,389.652,47.8,27.795
용담,3001110,2026-06-02 12:00:00,5.296,250.19,0.0,389.571,47.8,27.796
용담,3001110,2026-06-02 13:00:00,22.795,250.19,0.1,389.553,47.8,27.795
용담,3001110,2026-06-02 14:00:00,27.806,250.19,0.1,389.553,47.8,27.806
용담,3001110,2026-06-02 15:00:00,0.0,250.18,0.0,389.306,47.8,28.056
용담,3001110,2026-06-02 16:00:00,11.667,250.17,0.0,389.247,47.8,27.917
대청,3008110,2026-05-30 16:00:00,86.514,71.51,0.0,894.387,60.0,17.514
대청,3008110,2026-05-30 17:00:00,63.138,71.51,0.0,894.553,60.0,17.138
대청,3008110,2026-05-30 18:00:00,73.003,71.51,0.0,894.387,60.0,119.003
대청,3008110,2026-05-30 19:00:00,0.0,71.49,0.0,893.714,60.0,133.79
대청,3008110,2026-05-30 20:00:00,0.0,71.49,0.0,893.234,60.0,125.852
대청,3008110,2026-05-30 21:00:00,77.003,71.49,0.0,893.449,60.0,17.253
대청,3008110,2026-05-30 22:00:00,31.228,71.49,0.0,893.498,60.0,17.45
대청,3008110,2026-05-30 23:00:00,0.0,71.48,0.0,892.897,59.9,125.106
대청,3008110,2026-05-31 00:00:00,130.672,71.48,0.0,892.969,59.9,110.755
대청,3008110,2026-05-31 01:00:00,27.603,71.48,0.0,893.008,59.9,16.881
대청,3008110,2026-05-31 02:00:00,1.79,71.48,0.0,892.952,59.9,17.123
대청,3008110,2026-05-31 03:00:00,0.0,71.47,0.0,892.456,59.9,121.558
대청,3008110,2026-05-31 04:00:00,2.824,71.46,0.0,892.015,59.9,125.296
대청,3008110,2026-05-31 05:00:00,139.547,71.47,0.0,892.456,59.9,17.075
대청,3008110,2026-05-31 06:00:00,0.0,71.47,0.0,892.214,59.9,53.36
대청,3008110,2026-05-31 07:00:00,0.0,71.46,0.0,891.586,59.8,127.499
대청,3008110,2026-05-31 08:00:00,78.779,71.45,0.0,891.409,59.8,127.751
대청,3008110,2026-05-31 09:00:00,93.618,71.46,0.0,891.685,59.8,17.09
대청,3008110,2026-05-31 10:00:00,47.748,71.46,0.0,891.795,59.9,17.137
대청,3008110,2026-05-31 11:00:00,0.0,71.45,0.0,891.134,59.8,16.914
대청,3008110,2026-05-31 12:00:00,0.0,71.44,0.0,890.914,59.8,16.949
대청,3008110,2026-05-31 13:00:00,179.356,71.45,0.0,891.497,59.8,17.189
대청,3008110,2026-05-31 14:00:00,99.576,71.46,0.0,891.795,59.9,16.909
대청,3008110,2026-05-31 15:00:00,0.0,71.46,0.0,891.519,59.8,17.142
대청,3008110,2026-05-31 16:00:00,0.0,71.45,0.0,891.354,59.8,16.873
대청,3008110,2026-05-31 17:00:00,78.123,71.46,0.0,891.575,59.8,16.901
대청,3008110,2026-05-31 18:00:00,140.808,71.46,0.0,891.624,59.8,127.03
대청,3008110,2026-05-31 19:00:00,0.0,71.44,0.0,890.803,59.8,127.353
대청,3008110,2026-05-31 20:00:00,10.85,71.44,0.0,890.589,59.8,70.517
대청,3008110,2026-05-31 21:00:00,30.873,71.44,0.0,890.638,59.8,17.095
대청,3008110,2026-05-31 22:00:00,33.52,71.43,0.0,890.308,59.8,125.27
대청,3008110,2026-05-31 23:00:00,0.0,71.42,0.0,889.582,59.7,127.535
대청,3008110,2026-06-01 00:00:00,60.581,71.42,0.0,889.543,59.7,71.275
대청,3008110,2026-06-01 01:00:00,183.713,71.43,0.0,890.143,59.7,17.102
대청,3008110,2026-06-01 02:00:00,0.0,71.43,0.0,890.033,59.7,17.19
대청,3008110,2026-06-01 03:00:00,0.0,71.42,0.0,889.482,59.7,127.606
대청,3008110,2026-06-01 04:00:00,40.488,71.41,0.0,889.174,59.7,126.044
대청,3008110,2026-06-01 05:00:00,72.048,71.42,0.0,889.372,59.7,17.048
대청,3008110,2026-06-01 06:00:00,0.0,71.41,0.0,888.817,59.7,71.239
대청,3008110,2026-06-01 07:00:00,0.0,71.39,0.0,888.047,59.6,128.204
대청,3008110,2026-06-01 08:00:00,98.365,71.39,0.0,887.943,59.6,127.393
대청,3008110,2026-06-01 09:00:00,139.563,71.4,0.0,888.383,59.6,17.396
대청,3008110,2026-06-01 10:00:00,32.135,71.4,0.0,888.438,59.6,16.885
대청,3008110,2026-06-01 11:00:00,0.0,71.39,0.0,887.668,59.6,17.139
대청,3008110,2026-06-01 12:00:00,1.593,71.38,0.0,887.613,59.6,16.871
대청,3008110,2026-06-01 13:00:00,154.25,71.39,0.0,888.108,59.6,16.861
대청,3008110,2026-06-01 14:00:00,62.944,71.4,0.0,888.273,59.6,17.138
대청,3008110,2026-06-01 15:00:00,0.0,71.39,0.0,887.668,59.6,16.839
대청,3008110,2026-06-01 16:00:00,47.661,71.39,0.0,887.778,59.6,17.133
대청,3008110,2026-06-01 17:00:00,152.774,71.4,0.0,888.267,59.6,16.913
대청,3008110,2026-06-01 18:00:00,41.414,71.39,0.0,887.965,59.6,125.386
대청,3008110,2026-06-01 19:00:00,0.0,71.38,0.0,887.338,59.6,127.165
대청,3008110,2026-06-01 20:00:00,50.556,71.37,0.0,887.064,59.5,126.834
대청,3008110,2026-06-01 21:00:00,64.824,71.37,0.0,886.844,59.5,125.852
대청,3008110,2026-06-01 22:00:00,0.0,71.36,0.0,886.487,59.5,16.657
대청,3008110,2026-06-01 23:00:00,13.739,71.36,0.0,886.081,59.5,126.572
대청,3008110,2026-06-02 00:00:00,23.598,71.35,0.0,885.801,59.5,101.348
대청,3008110,2026-06-02 01:00:00,96.132,71.36,0.0,886.087,59.5,16.854
대청,3008110,2026-06-02 02:00:00,119.5,71.36,0.0,886.076,59.5,122.556
대청,3008110,2026-06-02 03:00:00,0.0,71.34,0.0,884.978,59.4,126.525
대청,3008110,2026-06-02 04:00:00,16.778,71.34,0.0,884.978,59.4,16.778
대청,3008110,2026-06-02 05:00:00,184.768,71.35,0.0,885.582,59.4,17.157
대청,3008110,2026-06-02 06:00:00,0.0,71.33,0.0,884.88,59.4,123.445
대청,3008110,2026-06-02 07:00:00,0.0,71.32,0.0,884.265,59.4,126.942
대청,3008110,2026-06-02 08:00:00,75.449,71.32,0.0,884.101,59.3,121.143
대청,3008110,2026-06-02 09:00:00,93.291,71.33,0.0,884.375,59.4,17.152
대청,3008110,2026-06-02 10:00:00,0.0,71.32,0.0,884.046,59.3,16.917
대청,3008110,2026-06-02 11:00:00,0.0,71.31,0.0,883.717,59.3,16.938
대청,3008110,2026-06-02 12:00:00,124.024,71.32,0.0,884.101,59.3,17.468
대청,3008110,2026-06-02 13:00:00,123.76,71.33,0.0,884.485,59.4,17.149
대청,3008110,2026-06-02 14:00:00,0.0,71.33,0.0,884.375,59.4,17.159
대청,3008110,2026-06-02 15:00:00,0.0,71.32,0.0,884.046,59.3,17.381
대청,3008110,2026-06-02 16:00:00,16.913,71.32,0.0,884.046,59.3,16.913
보령,3203110,2026-05-30 16:00:00,0.842,63.89,0.0,42.519,36.4,3.925
보령,3203110,2026-05-30 17:00:00,0.0,63.88,0.0,42.501,36.4,4.181
보령,3203110,2026-05-30 18:00:00,2.225,63.88,0.0,42.493,36.4,4.281
보령,3203110,2026-05-30 19:00:00,0.168,63.88,0.0,42.478,36.3,4.279
보령,3203110,2026-05-30 20:00:00,2.21,63.87,0.0,42.471,36.3,4.266
보령,3203110,2026-05-30 21:00:00,1.072,63.87,0.0,42.46,36.3,4.128
보령,3203110,2026-05-30 22:00:00,1.9,63.87,0.0,42.453,36.3,3.956
보령,3203110,2026-05-30 23:00:00,0.0,63.87,0.0,42.438,36.3,3.955
보령,3203110,2026-05-31 00:00:00,3.072,63.86,0.0,42.434,36.3,4.1
보령,3203110,2026-05-31 01:00:00,1.089,63.86,0.0,42.423,36.3,4.145
보령,3203110,2026-05-31 02:00:00,2.083,63.86,0.0,42.416,36.3,4.139
보령,3203110,2026-05-31 03:00:00,1.059,63.86,0.0,42.405,36.3,4.142
보령,3203110,2026-05-31 04:00:00,0.975,63.85,0.0,42.394,36.3,4.031
보령,3203110,2026-05-31 05:00:00,0.802,63.85,0.0,42.383,36.3,3.691
보령,3203110,2026-05-31 06:00:00,0.365,63.85,0.0,42.371,36.3,3.643
보령,3203110,2026-05-31 07:00:00,0.588,63.84,0.0,42.36,36.2,3.644
보령,3203110,2026-05-31 08:00:00,0.0,63.84,0.0,42.343,36.2,3.975
보령,3203110,2026-05-31 09:00:00,0.78,63.84,0.0,42.331,36.2,4.141
보령,3203110,2026-05-31 10:00:00,0.946,63.83,0.0,42.319,36.2,4.14
보령,3203110,2026-05-31 11:00:00,0.859,63.83,0.0,42.308,36.2,4.137
보령,3203110,2026-05-31 12:00:00,0.411,63.83,0.0,42.294,36.2,4.189
보령,3203110,2026-05-31 13:00:00,1.169,63.82,0.0,42.283,36.2,4.336
보령,3203110,2026-05-31 14:00:00,1.266,63.82,0.0,42.271,36.2,4.349
보령,3203110,2026-05-31 15:00:00,2.318,63.82,0.0,42.264,36.2,4.262
보령,3203110,2026-05-31 16:00:00,0.0,63.81,0.0,42.246,36.1,4.065
보령,3203110,2026-05-31 17:00:00,1.013,63.81,0.0,42.235,36.1,4.069
보령,3203110,2026-05-31 18:00:00,1.958,63.81,0.0,42.228,36.1,4.014
보령,3203110,2026-05-31 19:00:00,0.848,63.81,0.0,42.217,36.1,3.931
보령,3203110,2026-05-31 20:00:00,0.931,63.8,0.0,42.206,36.1,3.987
보령,3203110,2026-05-31 21:00:00,0.0,63.8,0.0,42.191,36.1,4.082
보령,3203110,2026-05-31 22:00:00,2.104,63.8,0.0,42.183,36.1,4.16
보령,3203110,2026-05-31 23:00:00,1.099,63.79,0.0,42.172,36.1,4.155
보령,3203110,2026-06-01 00:00:00,0.046,63.79,0.0,42.158,36.1,4.157
보령,3203110,2026-06-01 01:00:00,0.847,63.79,0.0,42.147,36.1,3.903
보령,3203110,2026-06-01 02:00:00,1.834,63.78,0.0,42.139,36.1,3.89
보령,3203110,2026-06-01 03:00:00,0.831,63.78,0.0,42.128,36.0,3.887
보령,3203110,2026-06-01 04:00:00,0.783,63.78,0.0,42.117,36.0,3.95
보령,3203110,2026-06-01 05:00:00,1.066,63.78,0.0,42.106,36.0,4.177
보령,3203110,2026-06-01 06:00:00,1.107,63.77,0.0,42.094,36.0,4.218
보령,3203110,2026-06-01 07:00:00,0.0,63.77,0.0,42.076,36.0,4.214
보령,3203110,2026-06-01 08:00:00,0.139,63.76,0.0,42.061,36.0,4.306
보령,3203110,2026-06-01 09:00:00,0.0,63.76,0.0,42.042,36.0,4.332
보령,3203110,2026-06-01 10:00:00,1.104,63.75,0.0,42.031,36.0,4.326
보령,3203110,2026-06-01 11:00:00,0.0,63.75,0.0,42.016,35.9,3.573
보령,3203110,2026-06-01 12:00:00,0.114,63.75,0.0,42.001,35.9,4.142
보령,3203110,2026-06-01 13:00:00,0.0,63.74,0.0,41.982,35.9,4.327
보령,3203110,2026-06-01 14:00:00,2.85,63.74,0.0,41.978,35.9,3.989
보령,3203110,2026-06-01 15:00:00,0.0,63.74,0.0,41.964,35.9,3.725
보령,3203110,2026-06-01 16:00:00,3.145,63.74,0.0,41.96,35.9,4.173
보령,3203110,2026-06-01 17:00:00,0.004,63.73,0.0,41.945,35.9,4.171
보령,3203110,2026-06-01 18:00:00,1.066,63.73,0.0,41.934,35.9,4.149
보령,3203110,2026-06-01 19:00:00,0.0,63.72,0.0,41.915,35.9,4.104
보령,3203110,2026-06-01 20:00:00,0.0,63.72,0.0,41.9,35.8,4.101
보령,3203110,2026-06-01 21:00:00,2.025,63.72,0.0,41.893,35.8,4.108
보령,3203110,2026-06-01 22:00:00,0.092,63.71,0.0,41.878,35.8,4.231
보령,3203110,2026-06-01 23:00:00,0.298,63.71,0.0,41.863,35.8,4.437
보령,3203110,2026-06-02 00:00:00,1.343,63.71,0.0,41.852,35.8,4.454
보령,3203110,2026-06-02 01:00:00,1.227,63.7,0.0,41.84,35.8,4.449
보령,3203110,2026-06-02 02:00:00,1.429,63.7,0.0,41.829,35.8,4.429
보령,3203110,2026-06-02 03:00:00,0.0,63.7,0.0,41.814,35.8,3.9
보령,3203110,2026-06-02 04:00:00,1.799,63.7,0.0,41.807,35.8,3.882
보령,3203110,2026-06-02 05:00:00,0.804,63.69,0.0,41.796,35.8,3.887
보령,3203110,2026-06-02 06:00:00,0.0,63.69,0.0,41.781,35.7,3.881
보령,3203110,2026-06-02 07:00:00,1.688,63.69,0.0,41.773,35.7,3.882
보령,3203110,2026-06-02 08:00:00,0.0,63.68,0.0,41.759,35.7,3.886
보령,3203110,2026-06-02 09:00:00,0.0,63.68,0.0,41.74,35.7,4.041
보령,3203110,2026-06-02 10:00:00,0.201,63.67,0.0,41.725,35.7,4.34
보령,3203110,2026-06-02 11:00:00,0.201,63.67,0.0,41.71,35.7,4.34
보령,3203110,2026-06-02 12:00:00,0.997,63.67,0.0,41.699,35.7,4.08
보령,3203110,2026-06-02 13:00:00,0.733,63.66,0.0,41.687,35.7,3.844
보령,3203110,2026-06-02 14:00:00,0.795,63.66,0.0,41.677,35.7,3.795
보령,3203110,2026-06-02 15:00:00,0.714,63.66,0.0,41.666,35.6,3.797
보령,3203110,2026-06-02 16:00:00,0.0,63.65,0.0,41.651,35.6,4.055
부안,3303110,2026-05-30 16:00:00,0.303,38.76,0.0,34.859,69.3,0.997
부안,3303110,2026-05-30 17:00:00,0.0,38.76,0.0,34.854,69.3,1.003
부안,3303110,2026-05-30 18:00:00,0.309,38.76,0.0,34.852,69.3,1.003
부안,3303110,2026-05-30 19:00:00,0.915,38.76,0.0,34.852,69.3,0.998
부안,3303110,2026-05-30 20:00:00,0.0,38.76,0.0,34.847,69.3,0.999
부안,3303110,2026-05-30 21:00:00,0.321,38.75,0.0,34.844,69.3,1.015
부안,3303110,2026-05-30 22:00:00,0.0,38.75,0.0,34.839,69.3,1.019
부안,3303110,2026-05-30 23:00:00,1.065,38.75,0.0,34.839,69.3,1.065
부안,3303110,2026-05-31 00:00:00,0.0,38.75,0.0,34.834,69.3,1.072
부안,3303110,2026-05-31 01:00:00,0.383,38.75,0.0,34.832,69.3,1.077
부안,3303110,2026-05-31 02:00:00,0.399,38.75,0.0,34.83,69.2,1.066
부안,3303110,2026-05-31 03:00:00,0.382,38.75,0.0,34.827,69.2,1.076
부안,3303110,2026-05-31 04:00:00,0.38,38.75,0.0,34.825,69.2,1.074
부안,3303110,2026-05-31 05:00:00,0.0,38.74,0.0,34.82,69.2,1.069
부안,3303110,2026-05-31 06:00:00,0.0,38.74,0.0,34.815,69.2,1.065
부안,3303110,2026-05-31 07:00:00,0.0,38.74,0.0,34.81,69.2,1.069
부안,3303110,2026-05-31 08:00:00,0.372,38.74,0.0,34.807,69.2,1.066
부안,3303110,2026-05-31 09:00:00,0.0,38.74,0.0,34.802,69.2,1.078
부안,3303110,2026-05-31 10:00:00,0.0,38.74,0.0,34.797,69.2,1.077
부안,3303110,2026-05-31 11:00:00,0.0,38.73,0.0,34.79,69.2,1.082
부안,3303110,2026-05-31 12:00:00,0.057,38.73,0.0,34.786,69.2,1.085
부안,3303110,2026-05-31 13:00:00,0.699,38.73,0.0,34.785,69.2,1.06
부안,3303110,2026-05-31 14:00:00,0.336,38.73,0.0,34.782,69.2,1.03
부안,3303110,2026-05-31 15:00:00,0.0,38.73,0.0,34.777,69.1,1.029
부안,3303110,2026-05-31 16:00:00,0.305,38.73,0.0,34.775,69.1,0.999
부안,3303110,2026-05-31 17:00:00,0.302,38.73,0.0,34.772,69.1,0.996
부안,3303110,2026-05-31 18:00:00,0.0,38.72,0.0,34.768,69.1,0.971
부안,3303110,2026-05-31 19:00:00,0.248,38.72,0.0,34.765,69.1,0.942
부안,3303110,2026-05-31 20:00:00,0.221,38.72,0.0,34.763,69.1,0.915
부안,3303110,2026-05-31 21:00:00,0.0,38.72,0.0,34.755,69.1,1.038
부안,3303110,2026-05-31 22:00:00,0.312,38.72,0.0,34.753,69.1,1.062
부안,3303110,2026-05-31 23:00:00,1.01,38.72,0.0,34.752,69.1,1.066
부안,3303110,2026-06-01 00:00:00,0.368,38.72,0.0,34.75,69.1,1.062
부안,3303110,2026-06-01 01:00:00,0.0,38.71,0.0,34.745,69.1,1.074
부안,3303110,2026-06-01 02:00:00,0.369,38.71,0.0,34.743,69.1,1.063
부안,3303110,2026-06-01 03:00:00,0.355,38.71,0.0,34.74,69.1,1.049
부안,3303110,2026-06-01 04:00:00,0.313,38.71,0.0,34.738,69.1,0.98
부안,3303110,2026-06-01 05:00:00,0.949,38.71,0.0,34.738,69.1,0.949
부안,3303110,2026-06-01 06:00:00,0.0,38.71,0.0,34.733,69.1,0.989
부안,3303110,2026-06-01 07:00:00,0.0,38.71,0.0,34.728,69.0,1.071
부안,3303110,2026-06-01 08:00:00,0.0,38.7,0.0,34.713,69.0,1.069
부안,3303110,2026-06-01 09:00:00,1.073,38.7,0.0,34.713,69.0,1.073
부안,3303110,2026-06-01 10:00:00,1.3,38.7,0.0,34.713,69.0,1.3
부안,3303110,2026-06-01 11:00:00,0.0,38.7,0.0,34.706,69.0,1.398
부안,3303110,2026-06-01 12:00:00,0.007,38.7,0.0,34.701,69.0,1.396
부안,3303110,2026-06-01 13:00:00,0.0,38.69,0.0,34.693,69.0,1.394
부안,3303110,2026-06-01 14:00:00,1.396,38.69,0.0,34.693,69.0,1.396
부안,3303110,2026-06-01 15:00:00,0.0,38.69,0.0,34.685,69.0,1.395
부안,3303110,2026-06-01 16:00:00,0.0,38.69,0.0,34.679,68.9,1.365
부안,3303110,2026-06-01 17:00:00,0.576,38.69,0.0,34.676,68.9,1.326
부안,3303110,2026-06-01 18:00:00,0.588,38.69,0.0,34.673,68.9,1.282
부안,3303110,2026-06-01 19:00:00,0.0,38.68,0.0,34.669,68.9,1.281
부안,3303110,2026-06-01 20:00:00,0.584,38.68,0.0,34.666,68.9,1.278
부안,3303110,2026-06-01 21:00:00,0.243,38.68,0.0,34.662,68.9,1.271
부안,3303110,2026-06-01 22:00:00,0.153,38.68,0.0,34.658,68.9,1.264
부안,3303110,2026-06-01 23:00:00,0.635,38.68,0.0,34.656,68.9,1.246
부안,3303110,2026-06-02 00:00:00,0.0,38.68,0.0,34.651,68.9,1.223
부안,3303110,2026-06-02 01:00:00,0.522,38.68,0.0,34.649,68.9,1.216
부안,3303110,2026-06-02 02:00:00,0.0,38.67,0.0,34.644,68.9,1.263
부안,3303110,2026-06-02 03:00:00,0.692,38.67,0.0,34.641,68.9,1.359
부안,3303110,2026-06-02 04:00:00,0.023,38.67,0.0,34.636,68.9,1.412
부안,3303110,2026-06-02 05:00:00,0.729,38.67,0.0,34.634,68.9,1.423
부안,3303110,2026-06-02 06:00:00,0.0,38.66,0.0,34.622,68.8,1.424
부안,3303110,2026-06-02 07:00:00,0.721,38.66,0.0,34.619,68.8,1.415
부안,3303110,2026-06-02 08:00:00,0.0,38.66,0.0,34.611,68.8,1.419
부안,3303110,2026-06-02 09:00:00,0.783,38.66,0.0,34.609,68.8,1.422
부안,3303110,2026-06-02 10:00:00,0.0,38.66,0.0,34.602,68.8,1.324
부안,3303110,2026-06-02 11:00:00,0.634,38.66,0.0,34.599,68.8,1.301
부안,3303110,2026-06-02 12:00:00,0.0,38.65,0.0,34.594,68.8,1.301
부안,3303110,2026-06-02 13:00:00,0.0,38.65,0.0,34.589,68.8,1.302
부안,3303110,2026-06-02 14:00:00,0.606,38.65,0.0,34.587,68.8,1.3
부안,3303110,2026-06-02 15:00:00,0.608,38.65,0.0,34.584,68.8,1.302
부안,3303110,2026-06-02 16:00:00,0.0,38.65,0.0,34.579,68.8,1.307
섬진강,4001110,2026-05-30 16:00:00,8.993,184.11,0.0,197.727,42.4,35.437
섬진강,4001110,2026-05-30 17:00:00,9.418,184.1,0.0,197.633,42.4,35.474
섬진강,4001110,2026-05-30 18:00:00,15.116,184.1,0.0,197.559,42.4,35.477
섬진강,4001110,2026-05-30 19:00:00,11.061,184.09,0.0,197.472,42.4,35.478
섬진강,4001110,2026-05-30 20:00:00,0.0,184.08,0.0,197.34,42.4,35.467
섬진강,4001110,2026-05-30 21:00:00,0.0,184.07,0.0,197.193,42.3,35.466
섬진강,4001110,2026-05-30 22:00:00,2.947,184.07,0.0,197.076,42.3,35.447
섬진강,4001110,2026-05-30 23:00:00,0.0,184.06,0.0,196.93,42.3,35.458
섬진강,4001110,2026-05-31 00:00:00,0.0,184.05,0.0,196.784,42.2,35.456
섬진강,4001110,2026-05-31 01:00:00,0.0,184.04,0.0,196.638,42.2,35.42
섬진강,4001110,2026-05-31 02:00:00,2.998,184.03,0.0,196.521,42.2,35.442
섬진강,4001110,2026-05-31 03:00:00,0.0,184.02,0.0,196.375,42.1,35.433
섬진강,4001110,2026-05-31 04:00:00,3.012,184.01,0.0,196.259,42.1,35.429
섬진강,4001110,2026-05-31 05:00:00,0.0,184.0,0.0,196.113,42.1,35.422
섬진강,4001110,2026-05-31 06:00:00,0.0,183.99,0.0,195.963,42.1,35.412
섬진강,4001110,2026-05-31 07:00:00,7.937,183.98,0.0,195.864,42.0,35.437
섬진강,4001110,2026-05-31 08:00:00,11.546,183.98,0.0,195.778,42.0,35.435
섬진강,4001110,2026-05-31 09:00:00,7.139,183.97,0.0,195.676,42.0,35.445
섬진강,4001110,2026-05-31 10:00:00,0.703,183.96,0.0,195.551,42.0,35.453
섬진강,4001110,2026-05-31 11:00:00,5.171,183.95,0.0,195.441,41.9,35.477
섬진강,4001110,2026-05-31 12:00:00,0.0,183.94,0.0,195.312,41.9,35.463
섬진강,4001110,2026-05-31 13:00:00,0.0,183.93,0.0,195.167,41.9,35.457
섬진강,4001110,2026-05-31 14:00:00,14.897,183.93,0.0,195.093,41.9,35.48
섬진강,4001110,2026-05-31 15:00:00,0.0,183.92,0.0,194.949,41.8,35.449
섬진강,4001110,2026-05-31 16:00:00,10.885,183.91,0.0,194.86,41.8,35.468
섬진강,4001110,2026-05-31 17:00:00,0.0,183.9,0.0,194.731,41.8,35.47
섬진강,4001110,2026-05-31 18:00:00,3.236,183.9,0.0,194.615,41.8,35.486
섬진강,4001110,2026-05-31 19:00:00,3.313,183.89,0.0,194.499,41.7,35.535
섬진강,4001110,2026-05-31 20:00:00,0.0,183.88,0.0,194.354,41.7,35.581
섬진강,4001110,2026-05-31 21:00:00,0.0,183.87,0.0,194.208,41.7,35.586
섬진강,4001110,2026-05-31 22:00:00,0.0,183.86,0.0,194.079,41.7,35.564
섬진강,4001110,2026-05-31 23:00:00,3.399,183.85,0.0,193.963,41.6,35.566
섬진강,4001110,2026-06-01 00:00:00,3.375,183.84,0.0,193.847,41.6,35.514
섬진강,4001110,2026-06-01 01:00:00,0.0,183.83,0.0,193.717,41.6,35.53
섬진강,4001110,2026-06-01 02:00:00,0.0,183.82,0.0,193.558,41.5,35.518
섬진강,4001110,2026-06-01 03:00:00,7.404,183.82,0.0,193.457,41.5,35.515
섬진강,4001110,2026-06-01 04:00:00,3.435,183.81,0.0,193.341,41.5,35.518
섬진강,4001110,2026-06-01 05:00:00,0.0,183.8,0.0,193.212,41.5,35.517
섬진강,4001110,2026-06-01 06:00:00,0.0,183.79,0.0,193.022,41.4,35.533
섬진강,4001110,2026-06-01 07:00:00,4.706,183.78,0.0,192.911,41.4,35.539
섬진강,4001110,2026-06-01 08:00:00,0.0,183.77,0.0,192.769,41.4,35.551
섬진강,4001110,2026-06-01 09:00:00,8.719,183.76,0.0,192.672,41.4,35.552
섬진강,4001110,2026-06-01 10:00:00,0.0,183.75,0.0,192.535,41.3,35.559
섬진강,4001110,2026-06-01 11:00:00,0.0,183.74,0.0,192.393,41.3,35.563
섬진강,4001110,2026-06-01 12:00:00,18.913,183.74,0.0,192.332,41.3,35.719
섬진강,4001110,2026-06-01 13:00:00,0.0,183.73,0.0,192.186,41.2,35.755
섬진강,4001110,2026-06-01 14:00:00,1.765,183.72,0.0,192.063,41.2,35.737
섬진강,4001110,2026-06-01 15:00:00,2.591,183.71,0.0,191.944,41.2,35.73
섬진강,4001110,2026-06-01 16:00:00,15.386,183.71,0.0,191.871,41.2,35.719
섬진강,4001110,2026-06-01 17:00:00,0.0,183.69,0.0,191.7,41.1,35.711
섬진강,4001110,2026-06-01 18:00:00,3.813,183.69,0.0,191.585,41.1,35.702
섬진강,4001110,2026-06-01 19:00:00,7.722,183.68,0.0,191.485,41.1,35.639
섬진강,4001110,2026-06-01 20:00:00,0.0,183.67,0.0,191.327,41.1,35.628
섬진강,4001110,2026-06-01 21:00:00,3.781,183.66,0.0,191.212,41.0,35.642
섬진강,4001110,2026-06-01 22:00:00,3.778,183.65,0.0,191.097,41.0,35.639
섬진강,4001110,2026-06-01 23:00:00,3.854,183.64,0.0,190.983,41.0,35.687
섬진강,4001110,2026-06-02 00:00:00,0.0,183.64,0.0,190.854,41.0,35.721
섬진강,4001110,2026-06-02 01:00:00,7.813,183.63,0.0,190.754,40.9,35.646
섬진강,4001110,2026-06-02 02:00:00,0.0,183.62,0.0,190.582,40.9,35.638
섬진강,4001110,2026-06-02 03:00:00,7.83,183.61,0.0,190.482,40.9,35.636
섬진강,4001110,2026-06-02 04:00:00,0.0,183.6,0.0,190.328,40.8,35.637
섬진강,4001110,2026-06-02 05:00:00,0.0,183.59,0.0,190.182,40.8,35.632
섬진강,4001110,2026-06-02 06:00:00,2.725,183.58,0.0,190.063,40.8,35.642
섬진강,4001110,2026-06-02 07:00:00,0.0,183.57,0.0,189.894,40.8,35.652
섬진강,4001110,2026-06-02 08:00:00,16.649,183.56,0.0,189.825,40.7,35.677
섬진강,4001110,2026-06-02 09:00:00,0.0,183.55,0.0,189.682,40.7,35.68
섬진강,4001110,2026-06-02 10:00:00,18.658,183.55,0.0,189.621,40.7,35.686
섬진강,4001110,2026-06-02 11:00:00,0.0,183.54,0.0,189.483,40.7,35.687
섬진강,4001110,2026-06-02 12:00:00,4.045,183.53,0.0,189.369,40.6,35.712
섬진강,4001110,2026-06-02 13:00:00,0.0,183.52,0.3,189.17,40.6,35.699
섬진강,4001110,2026-06-02 14:00:00,10.81,183.51,0.0,189.08,40.6,35.699
섬진강,4001110,2026-06-02 15:00:00,0.0,183.5,0.0,188.928,40.5,35.708
섬진강,4001110,2026-06-02 16:00:00,15.571,183.49,0.0,188.855,40.5,35.71
주암(본),4007110,2026-05-30 16:00:00,25.148,101.73,0.0,254.156,55.6,21.954
주암(본),4007110,2026-05-30 17:00:00,0.0,101.73,0.0,254.07,55.6,21.962
주암(본),4007110,2026-05-30 18:00:00,3.424,101.73,0.0,254.004,55.6,21.98
주암(본),4007110,2026-05-30 19:00:00,6.087,101.72,0.0,253.946,55.6,21.976
주암(본),4007110,2026-05-30 20:00:00,16.677,101.72,0.0,253.927,55.6,21.983
주암(본),4007110,2026-05-30 21:00:00,0.0,101.72,0.0,253.817,55.5,22.002
주암(본),4007110,2026-05-30 22:00:00,14.062,101.71,0.0,253.788,55.5,22.006
주암(본),4007110,2026-05-30 23:00:00,4.544,101.71,0.0,253.725,55.5,22.016
주암(본),4007110,2026-05-31 00:00:00,15.15,101.71,0.0,253.7,55.5,22.039
주암(본),4007110,2026-05-31 01:00:00,0.0,101.7,0.0,253.603,55.5,22.046
주암(본),4007110,2026-05-31 02:00:00,0.0,101.7,0.0,253.499,55.5,22.056
주암(본),4007110,2026-05-31 03:00:00,26.814,101.7,0.0,253.516,55.5,22.064
주암(본),4007110,2026-05-31 04:00:00,0.0,101.69,0.0,253.42,55.5,22.077
주암(본),4007110,2026-05-31 05:00:00,5.703,101.69,0.0,253.361,55.4,22.092
주암(본),4007110,2026-05-31 06:00:00,25.815,101.69,0.0,253.375,55.4,22.121
주암(본),4007110,2026-05-31 07:00:00,0.0,101.68,0.0,253.184,55.4,22.118
주암(본),4007110,2026-05-31 08:00:00,6.245,101.68,0.0,253.127,55.4,22.106
주암(본),4007110,2026-05-31 09:00:00,0.963,101.68,0.0,253.051,55.4,22.102
주암(본),4007110,2026-05-31 10:00:00,21.048,101.67,0.0,253.047,55.4,22.104
주암(본),4007110,2026-05-31 11:00:00,14.032,101.67,0.0,253.019,55.4,21.976
주암(본),4007110,2026-05-31 12:00:00,28.709,101.67,0.0,253.049,55.4,20.237
주암(본),4007110,2026-05-31 13:00:00,0.0,101.67,0.0,252.969,55.4,20.252
주암(본),4007110,2026-05-31 14:00:00,0.0,101.67,0.0,252.882,55.3,20.25
주암(본),4007110,2026-05-31 15:00:00,0.0,101.66,0.0,252.785,55.3,20.28
주암(본),4007110,2026-05-31 16:00:00,0.0,101.65,0.0,252.633,55.3,22.007
주암(본),4007110,2026-05-31 17:00:00,5.321,101.65,0.0,252.572,55.3,22.182
주암(본),4007110,2026-05-31 18:00:00,3.723,101.65,0.0,252.506,55.3,22.195
주암(본),4007110,2026-05-31 19:00:00,29.092,101.65,0.0,252.53,55.3,22.231
주암(본),4007110,2026-05-31 20:00:00,11.695,101.65,0.0,252.492,55.3,22.251
주암(본),4007110,2026-05-31 21:00:00,0.0,101.64,0.0,252.361,55.2,22.259
주암(본),4007110,2026-05-31 22:00:00,23.852,101.64,0.0,252.367,55.2,22.269
주암(본),4007110,2026-05-31 23:00:00,1.157,101.64,0.0,252.291,55.2,22.268
주암(본),4007110,2026-06-01 00:00:00,1.196,101.63,0.0,252.215,55.2,22.279
주암(본),4007110,2026-06-01 01:00:00,0.0,101.63,0.0,252.117,55.2,22.287
주암(본),4007110,2026-06-01 02:00:00,12.79,101.62,0.0,252.082,55.2,22.29
주암(본),4007110,2026-06-01 03:00:00,0.0,101.62,0.0,251.971,55.1,22.301
주암(본),4007110,2026-06-01 04:00:00,32.316,101.62,0.0,252.007,55.1,22.288
주암(본),4007110,2026-06-01 05:00:00,6.493,101.62,0.0,251.95,55.1,22.299
주암(본),4007110,2026-06-01 06:00:00,1.215,101.61,0.0,251.874,55.1,22.298
주암(본),4007110,2026-06-01 07:00:00,0.0,101.61,0.0,251.736,55.1,22.298
주암(본),4007110,2026-06-01 08:00:00,11.781,101.6,0.0,251.698,55.1,22.309
주암(본),4007110,2026-06-01 09:00:00,0.0,101.6,0.0,251.542,55.0,22.308
주암(본),4007110,2026-06-01 10:00:00,0.0,101.59,0.0,251.438,55.0,22.315
주암(본),4007110,2026-06-01 11:00:00,11.825,101.59,0.0,251.4,55.0,22.325
주암(본),4007110,2026-06-01 12:00:00,3.387,101.58,0.0,251.332,55.0,22.331
주암(본),4007110,2026-06-01 13:00:00,10.255,101.58,0.0,251.289,55.0,22.338
주암(본),4007110,2026-06-01 14:00:00,5.543,101.58,0.0,251.228,55.0,22.349
주암(본),4007110,2026-06-01 15:00:00,5.001,101.58,0.0,251.166,55.0,22.362
주암(본),4007110,2026-06-01 16:00:00,0.0,101.57,0.0,250.995,54.9,22.384
주암(본),4007110,2026-06-01 17:00:00,24.507,101.57,0.0,251.003,54.9,22.396
주암(본),4007110,2026-06-01 18:00:00,5.068,101.56,0.0,250.941,54.9,22.401
주암(본),4007110,2026-06-01 19:00:00,1.402,101.56,0.0,250.865,54.9,22.402
주암(본),4007110,2026-06-01 20:00:00,23.983,101.56,0.0,250.871,54.9,22.4
주암(본),4007110,2026-06-01 21:00:00,0.0,101.55,0.0,250.769,54.9,22.407
주암(본),4007110,2026-06-01 22:00:00,21.363,101.55,0.0,250.765,54.9,22.419
주암(본),4007110,2026-06-01 23:00:00,12.452,101.55,0.9,250.729,54.9,22.424
주암(본),4007110,2026-06-02 00:00:00,0.0,101.55,3.2,250.644,54.9,22.427
주암(본),4007110,2026-06-02 01:00:00,36.111,101.55,6.2,250.693,54.9,22.444
주암(본),4007110,2026-06-02 02:00:00,39.24,101.55,4.8,250.754,54.9,22.462
주암(본),4007110,2026-06-02 03:00:00,23.528,101.55,3.9,250.757,54.9,22.472
주암(본),4007110,2026-06-02 04:00:00,43.47,101.56,5.9,250.833,54.9,22.47
주암(본),4007110,2026-06-02 05:00:00,42.418,101.56,5.4,250.905,54.9,22.474
주암(본),4007110,2026-06-02 06:00:00,47.154,101.57,6.9,250.994,54.9,22.487
주암(본),4007110,2026-06-02 07:00:00,76.595,101.58,10.1,251.188,55.0,22.484
주암(본),4007110,2026-06-02 08:00:00,66.676,101.59,7.6,251.347,55.0,22.509
주암(본),4007110,2026-06-02 09:00:00,105.095,101.6,4.5,251.645,55.1,22.512
주암(본),4007110,2026-06-02 10:00:00,98.842,101.62,3.1,251.919,55.1,22.536
주암(본),4007110,2026-06-02 11:00:00,106.321,101.63,1.7,252.221,55.2,22.543
주암(본),4007110,2026-06-02 12:00:00,120.678,101.65,0.5,252.574,55.3,22.567
주암(본),4007110,2026-06-02 13:00:00,183.655,101.68,0.5,253.154,55.4,22.599
주암(본),4007110,2026-06-02 14:00:00,301.108,101.73,0.5,254.156,55.6,22.664
주암(본),4007110,2026-06-02 15:00:00,224.34,101.77,0.0,254.882,55.8,22.701
주암(본),4007110,2026-06-02 16:00:00,223.759,101.81,0.0,255.606,55.9,22.731
주암(조),4104610,2026-05-30 16:00:00,17.497,94.61,0.0,128.445,51.4,37.414
주암(조),4104610,2026-05-30 17:00:00,16.049,94.59,0.0,128.368,51.4,37.382
주암(조),4104610,2026-05-30 18:00:00,14.768,94.58,0.0,128.287,51.3,37.407
주암(조),4104610,2026-05-30 19:00:00,19.416,94.56,0.0,128.222,51.3,37.416
주암(조),4104610,2026-05-30 20:00:00,15.798,94.55,0.0,128.144,51.3,37.409
주암(조),4104610,2026-05-30 21:00:00,14.416,94.53,0.0,128.061,51.2,37.444
주암(조),4104610,2026-05-30 22:00:00,17.304,94.52,0.0,127.989,51.2,37.471
주암(조),4104610,2026-05-30 23:00:00,13.895,94.5,0.0,127.904,51.2,37.478
주암(조),4104610,2026-05-31 00:00:00,15.23,94.49,0.0,127.824,51.1,37.508
주암(조),4104610,2026-05-31 01:00:00,29.1,94.48,0.0,127.806,51.1,33.989
주암(조),4104610,2026-05-31 02:00:00,17.209,94.47,0.0,127.746,51.1,33.903
주암(조),4104610,2026-05-31 03:00:00,17.96,94.46,0.0,127.689,51.1,33.904
주암(조),4104610,2026-05-31 04:00:00,13.943,94.45,0.0,127.617,51.1,33.915
주암(조),4104610,2026-05-31 05:00:00,15.991,94.43,0.0,127.552,51.0,33.935
주암(조),4104610,2026-05-31 06:00:00,14.415,94.42,0.0,127.482,51.0,33.943
주암(조),4104610,2026-05-31 07:00:00,15.615,94.41,0.0,127.416,51.0,33.976
주암(조),4104610,2026-05-31 08:00:00,14.972,94.4,0.0,127.347,50.9,33.916
주암(조),4104610,2026-05-31 09:00:00,15.875,94.38,0.0,127.282,50.9,33.931
주암(조),4104610,2026-05-31 10:00:00,14.464,94.37,0.0,127.212,50.9,33.964
주암(조),4104610,2026-05-31 11:00:00,14.336,94.36,0.0,127.141,50.9,34.114
주암(조),4104610,2026-05-31 12:00:00,15.528,94.34,0.0,127.074,50.8,34.167
주암(조),4104610,2026-05-31 13:00:00,17.541,94.33,0.0,127.015,50.8,33.985
주암(조),4104610,2026-05-31 14:00:00,12.099,94.32,0.0,126.936,50.8,34.016
주암(조),4104610,2026-05-31 15:00:00,19.183,94.31,0.0,126.883,50.8,33.766
주암(조),4104610,2026-05-31 16:00:00,15.241,94.29,0.0,126.816,50.7,33.852
주암(조),4104610,2026-05-31 17:00:00,15.275,94.28,0.0,126.749,50.7,33.858
주암(조),4104610,2026-05-31 18:00:00,17.736,94.27,0.0,126.692,50.7,33.764
주암(조),4104610,2026-05-31 19:00:00,15.193,94.25,0.0,126.625,50.7,33.776
주암(조),4104610,2026-05-31 20:00:00,16.857,94.24,0.0,126.564,50.6,33.718
주암(조),4104610,2026-05-31 21:00:00,15.87,94.23,0.0,126.5,50.6,33.703
주암(조),4104610,2026-05-31 22:00:00,17.266,94.22,0.0,126.441,50.6,33.71
주암(조),4104610,2026-05-31 23:00:00,16.64,94.21,0.0,126.379,50.6,33.751
주암(조),4104610,2026-06-01 00:00:00,14.319,94.19,0.0,126.309,50.5,33.736
주암(조),4104610,2026-06-01 01:00:00,17.912,94.18,0.0,126.252,50.5,33.745
주암(조),4104610,2026-06-01 02:00:00,17.632,94.17,0.0,126.194,50.5,33.743
주암(조),4104610,2026-06-01 03:00:00,12.079,94.16,0.0,126.116,50.5,33.746
주암(조),4104610,2026-06-01 04:00:00,17.007,94.14,0.0,126.056,50.4,33.84
주암(조),4104610,2026-06-01 05:00:00,15.425,94.13,0.0,125.989,50.4,33.925
주암(조),4104610,2026-06-01 06:00:00,13.985,94.12,0.0,125.917,50.4,33.929
주암(조),4104610,2026-06-01 07:00:00,16.911,94.11,0.0,125.856,50.3,33.994
주암(조),4104610,2026-06-01 08:00:00,16.623,94.09,0.0,125.793,50.3,33.984
주암(조),4104610,2026-06-01 09:00:00,13.622,94.08,0.0,125.72,50.3,33.983
주암(조),4104610,2026-06-01 10:00:00,14.887,94.07,0.0,125.651,50.3,34.081
주암(조),4104610,2026-06-01 11:00:00,15.486,94.05,0.0,125.583,50.2,34.236
주암(조),4104610,2026-06-01 12:00:00,17.064,94.04,0.0,125.521,50.2,34.258
주암(조),4104610,2026-06-01 13:00:00,16.095,94.03,0.0,125.456,50.2,34.151
주암(조),4104610,2026-06-01 14:00:00,15.643,94.01,0.0,125.39,50.2,34.115
주암(조),4104610,2026-06-01 15:00:00,16.307,94.0,0.0,125.327,50.1,33.89
주암(조),4104610,2026-06-01 16:00:00,17.076,93.99,0.0,125.266,50.1,33.826
주암(조),4104610,2026-06-01 17:00:00,15.85,93.98,0.0,125.201,50.1,34.017
주암(조),4104610,2026-06-01 18:00:00,14.322,93.96,0.0,125.13,50.1,33.905
주암(조),4104610,2026-06-01 19:00:00,18.31,93.95,0.0,125.074,50.0,33.893
주암(조),4104610,2026-06-01 20:00:00,14.874,93.94,0.0,125.006,50.0,33.874
주암(조),4104610,2026-06-01 21:00:00,16.279,93.93,0.0,124.943,50.0,33.862
주암(조),4104610,2026-06-01 22:00:00,20.303,93.92,0.0,124.894,50.0,33.886
주암(조),4104610,2026-06-01 23:00:00,15.739,93.9,0.0,124.828,49.9,33.878
주암(조),4104610,2026-06-02 00:00:00,22.578,93.9,4.0,124.788,49.9,33.884
주암(조),4104610,2026-06-02 01:00:00,24.016,93.89,5.9,124.752,49.9,33.933
주암(조),4104610,2026-06-02 02:00:00,20.011,93.88,3.9,124.702,49.9,33.872
주암(조),4104610,2026-06-02 03:00:00,18.02,93.87,1.9,124.645,49.9,33.881
주암(조),4104610,2026-06-02 04:00:00,23.731,93.86,3.1,124.608,49.8,33.898
주암(조),4104610,2026-06-02 05:00:00,20.033,93.85,3.8,124.559,49.8,33.894
주암(조),4104610,2026-06-02 06:00:00,28.197,93.85,8.7,124.538,49.8,33.864
주암(조),4104610,2026-06-02 07:00:00,29.957,93.84,7.3,124.524,49.8,33.901
주암(조),4104610,2026-06-02 08:00:00,32.207,93.84,7.0,124.518,49.8,33.929
주암(조),4104610,2026-06-02 09:00:00,32.446,93.84,4.1,124.512,49.8,33.974
주암(조),4104610,2026-06-02 10:00:00,31.405,93.84,2.3,124.503,49.8,34.099
주암(조),4104610,2026-06-02 11:00:00,32.814,93.84,1.9,124.497,49.8,34.231
주암(조),4104610,2026-06-02 12:00:00,30.399,93.84,1.0,124.484,49.8,34.205
주암(조),4104610,2026-06-02 13:00:00,30.892,93.83,0.0,124.473,49.8,34.003
주암(조),4104610,2026-06-02 14:00:00,27.156,93.83,1.0,124.448,49.8,33.962
주암(조),4104610,2026-06-02 15:00:00,26.523,93.82,0.0,124.418,49.8,34.995
주암(조),4104610,2026-06-02 16:00:00,24.888,93.82,0.0,124.385,49.8,33.916
장흥,5101110,2026-05-30 16:00:00,2.91,72.33,0.0,100.058,52.4,4.938
장흥,5101110,2026-05-30 17:00:00,4.939,72.33,0.0,100.058,52.4,4.939
장흥,5101110,2026-05-30 18:00:00,4.938,72.33,0.0,100.058,52.4,4.938
장흥,5101110,2026-05-30 19:00:00,4.934,72.33,0.0,100.058,52.4,4.934
장흥,5101110,2026-05-30 20:00:00,4.923,72.33,0.0,100.058,52.4,4.923
장흥,5101110,2026-05-30 21:00:00,0.0,72.32,0.0,99.984,52.4,4.919
장흥,5101110,2026-05-30 22:00:00,4.926,72.32,0.0,99.984,52.4,4.926
장흥,5101110,2026-05-30 23:00:00,4.926,72.32,0.0,99.984,52.4,4.926
장흥,5101110,2026-05-31 00:00:00,4.922,72.32,0.0,99.984,52.4,4.922
장흥,5101110,2026-05-31 01:00:00,4.936,72.32,0.0,99.984,52.4,4.936
장흥,5101110,2026-05-31 02:00:00,0.0,72.31,0.0,99.911,52.3,4.935
장흥,5101110,2026-05-31 03:00:00,4.931,72.31,0.0,99.911,52.3,4.931
장흥,5101110,2026-05-31 04:00:00,4.923,72.31,0.0,99.911,52.3,4.923
장흥,5101110,2026-05-31 05:00:00,4.916,72.31,0.0,99.911,52.3,4.916
장흥,5101110,2026-05-31 06:00:00,4.926,72.31,0.0,99.911,52.3,4.926
장흥,5101110,2026-05-31 07:00:00,0.841,72.31,0.0,99.896,52.3,4.924
장흥,5101110,2026-05-31 08:00:00,0.0,72.3,0.0,99.837,52.3,5.052
장흥,5101110,2026-05-31 09:00:00,5.22,72.3,0.0,99.837,52.3,5.22
장흥,5101110,2026-05-31 10:00:00,5.298,72.3,0.0,99.837,52.3,5.298
장흥,5101110,2026-05-31 11:00:00,3.546,72.3,0.0,99.837,52.3,3.546
장흥,5101110,2026-05-31 12:00:00,2.033,72.3,0.0,99.837,52.3,2.033
장흥,5101110,2026-05-31 13:00:00,1.9,72.3,0.0,99.837,52.3,1.9
장흥,5101110,2026-05-31 14:00:00,0.0,72.29,0.0,99.764,52.2,1.752
장흥,5101110,2026-05-31 15:00:00,1.495,72.29,0.0,99.764,52.2,1.495
장흥,5101110,2026-05-31 16:00:00,3.464,72.29,0.0,99.764,52.2,3.464
장흥,5101110,2026-05-31 17:00:00,4.961,72.29,0.0,99.764,52.2,4.961
장흥,5101110,2026-05-31 18:00:00,4.958,72.29,0.0,99.764,52.2,4.958
장흥,5101110,2026-05-31 19:00:00,4.953,72.29,0.0,99.764,52.2,4.953
장흥,5101110,2026-05-31 20:00:00,2.944,72.29,0.0,99.756,52.2,5.0
장흥,5101110,2026-05-31 21:00:00,0.0,72.28,0.0,99.69,52.2,5.197
장흥,5101110,2026-05-31 22:00:00,5.12,72.28,0.0,99.69,52.2,5.12
장흥,5101110,2026-05-31 23:00:00,5.168,72.28,0.0,99.69,52.2,5.168
장흥,5101110,2026-06-01 00:00:00,5.138,72.28,0.0,99.69,52.2,5.138
장흥,5101110,2026-06-01 01:00:00,5.113,72.28,0.0,99.69,52.2,5.113
장흥,5101110,2026-06-01 02:00:00,0.0,72.27,0.0,99.617,52.2,5.173
장흥,5101110,2026-06-01 03:00:00,5.244,72.27,0.0,99.617,52.2,5.244
장흥,5101110,2026-06-01 04:00:00,5.218,72.27,0.0,99.617,52.2,5.218
장흥,5101110,2026-06-01 05:00:00,5.093,72.27,0.0,99.617,52.2,5.093
장흥,5101110,2026-06-01 06:00:00,5.156,72.27,0.0,99.617,52.2,5.156
장흥,5101110,2026-06-01 07:00:00,0.0,72.26,0.0,99.544,52.1,5.26
장흥,5101110,2026-06-01 08:00:00,5.151,72.26,0.0,99.544,52.1,5.151
장흥,5101110,2026-06-01 09:00:00,5.156,72.26,0.0,99.544,52.1,5.156
장흥,5101110,2026-06-01 10:00:00,4.907,72.26,0.0,99.544,52.1,4.907
장흥,5101110,2026-06-01 11:00:00,5.221,72.26,0.0,99.544,52.1,5.221
장흥,5101110,2026-06-01 12:00:00,0.0,72.25,0.0,99.47,52.1,5.216
장흥,5101110,2026-06-01 13:00:00,5.222,72.25,0.0,99.47,52.1,5.222
장흥,5101110,2026-06-01 14:00:00,5.232,72.25,0.0,99.47,52.1,5.232
장흥,5101110,2026-06-01 15:00:00,1.171,72.25,0.0,99.456,52.1,5.227
장흥,5101110,2026-06-01 16:00:00,0.0,72.24,0.0,99.397,52.0,5.173
장흥,5101110,2026-06-01 17:00:00,5.152,72.24,0.0,99.397,52.0,5.152
장흥,5101110,2026-06-01 18:00:00,5.149,72.24,0.0,99.397,52.0,5.149
장흥,5101110,2026-06-01 19:00:00,5.151,72.24,0.0,99.397,52.0,5.151
장흥,5101110,2026-06-01 20:00:00,5.144,72.24,0.0,99.397,52.0,5.144
장흥,5101110,2026-06-01 21:00:00,0.0,72.24,0.0,99.375,52.0,5.142
장흥,5101110,2026-06-01 22:00:00,0.0,72.23,0.0,99.324,52.0,5.147
장흥,5101110,2026-06-01 23:00:00,5.143,72.23,2.6,99.324,52.0,5.143
장흥,5101110,2026-06-02 00:00:00,25.502,72.24,3.3,99.397,52.0,5.141
장흥,5101110,2026-06-02 01:00:00,5.141,72.24,5.7,99.397,52.0,5.141
장흥,5101110,2026-06-02 02:00:00,5.142,72.24,5.0,99.397,52.0,5.142
장흥,5101110,2026-06-02 03:00:00,25.474,72.25,7.0,99.47,52.1,5.141
장흥,5101110,2026-06-02 04:00:00,19.423,72.26,6.7,99.522,52.1,5.145
장흥,5101110,2026-06-02 05:00:00,11.233,72.26,8.8,99.544,52.1,5.15
장흥,5101110,2026-06-02 06:00:00,25.543,72.27,11.6,99.617,52.2,5.154
장흥,5101110,2026-06-02 07:00:00,25.513,72.28,8.9,99.69,52.2,5.152
장흥,5101110,2026-06-02 08:00:00,45.927,72.3,8.3,99.837,52.3,5.149
장흥,5101110,2026-06-02 09:00:00,45.958,72.32,6.0,99.984,52.4,5.152
장흥,5101110,2026-06-02 10:00:00,86.849,72.36,3.7,100.278,52.5,5.155
장흥,5101110,2026-06-02 11:00:00,95.121,72.4,0.7,100.602,52.7,5.149
장흥,5101110,2026-06-02 12:00:00,99.409,72.45,2.7,100.941,52.9,5.159
장흥,5101110,2026-06-02 13:00:00,87.211,72.49,0.0,101.237,53.0,5.128
장흥,5101110,2026-06-02 14:00:00,83.179,72.53,0.0,101.518,53.2,5.096
장흥,5101110,2026-06-02 15:00:00,66.745,72.56,0.4,101.74,53.3,5.051
장흥,5101110,2026-06-02 16:00:00,64.677,72.59,0.0,101.955,53.4,4.955
