dam_code,dam_name,latitude,longitude,grid_x,grid_y,obsrdt,inflowqy,lowlevel,rf,rsvwtqy,rsvwtrt,totdcwtrqy,tmp,rain,snow,inflow_lag_1h,rain_lag_1h,discharge_lag_1h,inflow_lag_3h,rain_lag_3h,discharge_lag_3h,inflow_lag_6h,rain_lag_6h,discharge_lag_6h,inflow_lag_12h,rain_lag_12h,discharge_lag_12h,inflow_mean_3h,discharge_mean_3h,inflow_mean_6h,discharge_mean_6h,inflow_mean_12h,discharge_mean_12h,inflow_mean_24h,discharge_mean_24h,rain_sum_3h,rain_sum_6h,rain_sum_12h,rain_sum_24h,rain_sum_48h,rain_sum_72h,discharge_change_lag_1h,discharge_change_lag_3h,forecast_start,forecast_end,forecast_rain_sum,forecast_tmp_latest,forecast_rain_level,data_ready,dashboard_status
1003110,충주,37.005,127.985,77,115,2026-06-04 15:00:00,36.208,124.59,0.0,,39.6,0.43,0,0.0,0,52.152,0.0,0.43,257.011,0.0,333.511,0.0,0.0,315.868,86.819,0.0,0.43,29.453333333333333,0.43,83.427,171.1485,55.348333333333336,112.13558333333333,54.08625,79.42308333333334,0.0,0.0,0.0,0.0,0.0,0.0,0.0,-333.081,2026-06-04 15:00:00,2026-06-04 20:00:00,14.0,22.0,높음,True,예측준비완료
1006110,횡성,37.54,128.05,78,126,2026-06-04 15:00:00,0.0,172.2,0.0,47.19,54.3,4.239,0,0.0,0,4.237,0.0,4.237,0.0,0.0,4.22,0.0,0.0,1.573,1.528,0.0,1.528,2.0553333333333335,4.236999999999999,1.9958333333333336,3.7899999999999996,1.5217500000000002,2.684416666666667,1.4873333333333332,2.134375,0.0,0.0,0.0,0.0,0.5,0.5,0.0019999999999997797,0.019000000000000128,2026-06-04 15:00:00,2026-06-04 20:00:00,13.0,22.0,높음,True,예측준비완료
1012110,소양강,37.945,127.815,74,135,2026-06-04 15:00:00,53.044,177.62,0.0,,54.3,0.6,0,0.0,0,4.433,0.2,0.6,0.0,0.0,70.777,0.0,0.0,100.269,8.742,0.0,95.825,19.158999999999995,0.6,10.547166666666667,35.776,9.472583333333333,66.14566666666667,16.500208333333333,75.94983333333333,0.2,0.2,0.2,0.2,0.2,0.2,0.0,-70.177,2026-06-04 15:00:00,2026-06-04 20:00:00,6.0,20.0,높음,True,예측준비완료
2001110,안동,36.584,128.77,91,106,2026-06-04 15:00:00,75.583,143.4,0.0,507.861,40.7,0.0,0,0.0,0,6.583,0.0,0.0,0.0,0.0,0.0,0.0,0.0,0.0,95.344,0.0,95.344,27.388666666666666,0.0,13.694333333333333,0.0,15.421999999999999,30.938000000000002,18.233999999999998,27.020666666666667,0.2,0.2,0.2,0.2,0.2,0.2,0.0,0.0,2026-06-04 15:00:00,2026-06-04 20:00:00,0.0,23.0,없음,True,예측준비완료
2002110,임하,36.54,128.88,93,105,2026-06-04 15:00:00,4.488,149.06,0.0,270.201,45.4,4.488,0,0.0,0,0.0,0.0,4.833,3.086,0.0,4.836,0.0,0.0,4.842,7.476,0.0,4.837,4.136333333333334,4.719666666666666,3.9725,4.778000000000001,4.402666666666667,4.809916666666667,4.989375,13.803125,0.0,0.0,0.0,0.0,0.0,0.0,-0.34499999999999975,-0.34799999999999986,2026-06-04 15:00:00,2026-06-04 20:00:00,0.0,23.0,없음,True,예측준비완료
2002111,성덕,36.3,129.0,96,100,2026-06-04 15:00:00,0.864,348.66,0.0,10.248,36.7,0.864,0,0.0,0,0.0,0.0,0.864,0.863,0.0,0.863,0.0,0.0,0.863,0.0,0.0,0.863,0.5756666666666667,0.8636666666666667,0.5755,0.8633333333333333,0.5754166666666667,0.8631666666666665,0.5303333333333333,0.8632916666666667,0.0,0.0,0.0,0.0,0.0,0.8,0.0,0.0010000000000000009,2026-06-04 15:00:00,2026-06-04 20:00:00,0.0,19.0,없음,True,예측준비완료
2004101,영주,36.8,128.68,90,111,2026-06-04 15:00:00,1.2,143.04,0.0,39.263,21.7,1.561,0,0.0,0,0.867,0.0,1.561,1.56,0.0,1.56,1.559,0.0,1.559,1.558,0.0,1.558,1.4403333333333332,1.5606666666666669,0.9801666666666667,1.5599999999999998,1.2690833333333333,1.559,1.5970416666666667,1.5594166666666667,0.0,0.0,0.0,0.0,0.0,0.0,0.0,0.0009999999999998899,2026-06-04 15:00:00,2026-06-04 20:00:00,0.0,23.0,없음,True,예측준비완료
2008101,군위,36.12,128.65,90,96,2026-06-04 15:00:00,0.0,189.65,0.0,17.29,35.5,1.083,0,0.0,0,0.224,0.0,1.085,0.0,0.0,1.082,0.859,0.0,1.081,0.194,0.0,1.083,0.07466666666666659,1.0839999999999999,0.1065,1.0826666666666667,0.14316666666666666,1.0819166666666666,0.24158333333333334,1.0824583333333333,0.0,0.0,0.0,0.0,0.0,0.0,-0.0020000000000000018,0.0009999999999998899,2026-06-04 15:00:00,2026-06-04 20:00:00,0.0,21.0,없음,True,예측준비완료
2012101,보현산,36.14,128.93,94,97,2026-06-04 15:00:00,0.0,219.58,0.0,5.177,23.4,0.443,0,0.0,0,0.443,0.0,0.443,0.442,0.0,0.442,0.276,0.0,0.443,0.442,0.0,0.442,0.2953333333333334,0.443,0.29516666666666663,0.44283333333333336,0.2811666666666666,0.4426666666666667,0.30633333333333335,0.4423333333333333,0.0,0.0,0.0,0.0,0.0,1.6,0.0,0.0010000000000000009,2026-06-04 15:00:00,2026-06-04 20:00:00,0.0,19.0,없음,True,예측준비완료
2015110,합천,35.53,128.03,79,83,2026-06-04 15:00:00,14.495,160.69,0.0,410.934,52.0,43.273,0,0.0,0,2.778,0.0,0.0,0.0,0.0,0.0,3.953,0.0,48.536,5.98,0.0,42.258,7.303999999999999,14.424333333333335,5.2195,7.307500000000001,4.684,28.245000000000005,4.675958333333334,30.51033333333333,0.0,0.0,0.0,0.0,0.0,5.3,43.273,43.273,2026-06-04 15:00:00,2026-06-04 20:00:00,0.0,21.0,없음,True,예측준비완료
2018110,남강,35.16,128.04,79,75,2026-06-04 15:00:00,25.42,38.87,0.0,127.423,41.2,4.614,0,0.0,0,28.91,0.0,4.66,25.611,0.0,39.472,40.81,0.0,39.421,39.026,0.0,39.026,23.236,4.754333333333329,28.805833333333336,22.10666666666667,31.215750000000003,30.637,37.036500000000004,24.632541666666665,0.0,0.2,0.2,0.2,0.4,18.5,-0.04600000000000026,-34.858000000000004,2026-06-04 15:00:00,2026-06-04 20:00:00,0.0,21.0,없음,True,예측준비완료
2021110,밀양,35.5,128.93,95,83,2026-06-04 15:00:00,0.0,184.75,0.0,31.841,43.3,3.035,0,0.0,0,2.463,0.0,2.213,2.938,0.0,1.938,0.072,0.0,3.044,0.783,0.0,3.033,0.8209999999999994,2.392,1.252333333333333,2.1793333333333336,0.9550000000000001,2.61525,1.212375,2.7936666666666667,0.0,0.0,0.0,0.0,1.0,13.6,0.8220000000000001,1.0970000000000002,2026-06-04 15:00:00,2026-06-04 20:00:00,0.0,19.0,없음,True,예측준비완료
3001110,용담,35.94,127.53,70,92,2026-06-04 15:00:00,6.662,250.0,0.0,385.389,47.3,27.773,0,0.0,0,0.0,0.1,27.758,0.0,0.0,27.751,11.008,0.0,27.758,10.567,0.0,27.956,9.197,27.76433333333333,8.8795,27.76066666666667,7.002083333333334,27.834999999999997,6.4035,27.88029166666667,0.1,0.1,0.1,0.1,0.1,0.30000000000000004,0.015000000000000568,0.021999999999998465,2026-06-04 15:00:00,2026-06-04 20:00:00,1.0,20.0,보통,True,예측준비완료
3008110,대청,36.4775,127.48,69,103,2026-06-04 15:00:00,0.0,71.18,0.0,876.447,58.8,17.061,0,0.0,0,0.0,0.0,17.126,177.934,0.0,17.378,0.0,0.0,17.295,0.0,0.0,124.968,63.281,17.11200000000002,61.296166666666664,17.156333333333333,88.94716666666666,39.93266666666667,67.716875,61.32470833333333,0.0,0.0,0.0,0.0,0.0,0.0,-0.06500000000000128,-0.31700000000000017,2026-06-04 15:00:00,2026-06-04 20:00:00,2.0,23.0,보통,True,예측준비완료
3203110,보령,36.36,126.65,54,100,2026-06-04 15:00:00,1.321,63.49,0.0,41.043,35.1,4.404,0,0.0,0,0.0,0.0,4.411,0.0,0.0,4.409,1.975,0.0,4.225,1.091,0.0,4.174,1.1506666666666663,4.408,0.6289999999999999,4.409166666666667,0.8378333333333333,4.185,0.85275,4.189375,0.0,0.0,0.0,0.0,0.0,0.0,-0.006999999999999673,-0.004999999999999893,2026-06-04 15:00:00,2026-06-04 20:00:00,0.0,20.0,없음,True,예측준비완료
3303110,부안,35.69,126.62,54,86,2026-06-04 15:00:00,0.0,38.56,0.0,34.368,68.3,1.39,0,0.0,0,0.005,0.0,1.394,0.697,0.0,1.391,0.006,0.0,1.395,0.651,0.0,1.345,0.01533333333333326,1.3953333333333333,0.24383333333333335,1.3916666666666666,0.2383333333333333,1.3829166666666666,0.29129166666666667,1.3347916666666666,0.0,0.0,0.0,0.0,0.0,0.0,-0.0040000000000000036,-0.001000000000000112,2026-06-04 15:00:00,2026-06-04 20:00:00,0.0,21.0,없음,True,예측준비완료
4001110,섬진강,35.54,127.14,63,83,2026-06-04 15:00:00,0.0,183.08,0.0,182.998,39.3,35.751,0,0.0,0,3.236,0.0,35.736,11.328,0.0,35.745,7.012,0.0,35.734,4.606,0.0,35.717,1.6420000000000006,35.74433333333334,4.269833333333334,35.74033333333333,2.9769166666666664,35.73308333333333,3.330166666666667,35.715583333333335,0.0,0.0,0.0,0.0,0.0,0.3,0.015000000000000568,0.006000000000000227,2026-06-04 15:00:00,2026-06-04 20:00:00,2.0,20.0,보통,True,예측준비완료
4007110,주암(본),35.07,127.24,65,72,2026-06-04 15:00:00,12.438,102.07,0.0,260.687,57.0,22.716,0,0.0,0,9.761,0.0,22.733,11.042,0.0,21.875,0.0,0.0,22.776,47.662,0.0,22.801,15.527,22.730666666666668,20.506166666666665,21.9505,19.88383333333333,22.369833333333332,28.362416666666665,22.585708333333333,0.0,0.0,0.0,0.0,0.0,65.7,-0.01699999999999946,0.8410000000000011,2026-06-04 15:00:00,2026-06-04 20:00:00,0.0,20.0,없음,True,예측준비완료
4104610,주암(조),35.06,127.31,66,72,2026-06-04 15:00:00,14.389,94.11,0.0,125.892,50.4,0.0,0,0.0,0,17.917,0.0,0.0,14.361,0.0,0.0,12.773,0.0,16.606,14.745,0.0,16.162,16.555666666666667,0.0,19.0105,0.047499999999999994,17.397166666666667,8.033666666666667,16.456833333333332,9.8815,0.0,0.0,0.0,0.0,0.0,55.9,0.0,0.0,2026-06-04 15:00:00,2026-06-04 20:00:00,0.0,21.0,없음,True,예측준비완료
5101110,장흥,34.76,126.93,60,66,2026-06-04 15:00:00,5.214,72.89,0.0,104.215,54.6,5.214,0,0.0,0,5.186,0.0,5.186,3.073,0.0,5.156,5.194,0.0,5.194,4.948,0.0,4.948,5.879999999999996,5.185666666666667,8.5825,5.110333333333333,8.540166666666666,5.07025,9.387208333333332,5.051541666666667,0.0,0.0,0.0,0.0,0.0,81.4,0.02800000000000047,0.05800000000000072,2026-06-04 15:00:00,2026-06-04 20:00:00,0.0,19.0,없음,True,예측준비완료
